RA,DEC,z,W1mag,W2mag,W1_W2,M_W1,L_W1,Mstar,log_mass,galaxy_type
239.5833,27.2334,0.0792,14.41800022,14.19200039,0.225999832,-23.43019616,46567021931,8395351634,9.924038891,Spiral
202.7959,-1.7273,0.0828,12.06700039,11.95300007,0.11400032,-25.88305496,4.45884E+11,1.54761E+11,11.18966153,Elliptical
355.9481,0.2567,0.2719,14.14999962,13.85000038,0.299999237,-26.62748908,8.85107E+11,1.03514E+11,11.01499909,Elliptical
3.1893,8.3964,0.3625,14.20699978,13.95400047,0.252999306,-27.29230903,1.63276E+12,2.51365E+11,11.40030481,Elliptical
15.225,28.3908,0.3293,14.30599976,14.06400013,0.241999626,-26.9503762,1.19165E+12,1.95646E+11,11.29147097,Elliptical
187.2606,47.6224,0.261,13.71899986,13.43099976,0.288000107,-26.95714239,1.1991E+12,1.50431E+11,11.17733734,Elliptical
158.8249,12.0762,0.3182,14.50599957,14.28800011,0.217999458,-26.66410392,9.15465E+11,1.72951E+11,11.23792308,Elliptical
191.7827,31.5809,0.3634,14.58199978,14.29800034,0.283999443,-26.92360476,1.16263E+12,1.49308E+11,11.17408308,Elliptical
224.3129,22.3429,0.2547,13.50699997,13.21000004,0.296999931,-27.10877524,1.37883E+12,1.64108E+11,11.21512975,Elliptical
255.4164,47.7542,0.3793,14.57999992,14.42599964,0.154000282,-27.03452198,1.28768E+12,3.53711E+11,11.54864857,Giant Elliptical / BCG
231.6547,44.106,0.3802,15.40999985,15.19999981,0.210000038,-26.21056048,6.02871E+11,1.1935E+11,11.07682242,Elliptical
234.9187,34.4243,0.2332,15.25899982,15.13899994,0.119999886,-25.13986203,2.24877E+11,75360730793,10.8771451,Elliptical
4.9222,25.302,0.3689,13.95499992,13.76000023,0.194999695,-27.58876905,2.1454E+12,4.63669E+11,11.66620806,Giant Elliptical / BCG
198.7718,51.8174,0.2764,13.54300022,13.26599979,0.277000427,-27.27524214,1.6073E+12,2.15038E+11,11.33251521,Elliptical
183.077,27.5486,0.3532,14,13.81900024,0.180999756,-27.43339573,1.85934E+12,4.36133E+11,11.63961895,Giant Elliptical / BCG
121.9472,39.7766,0.3687,14.28100014,14.07199955,0.209000587,-27.26139025,1.58692E+12,3.16005E+11,11.49969395,Elliptical
8.6173,2.423,0.3843,14.54300022,14.41800022,0.125,-27.10490263,1.37392E+12,4.47158E+11,11.65046101,Giant Elliptical / BCG
134.1544,29.9333,0.2884,13.91800022,13.66399956,0.254000664,-27.00600667,1.2543E+12,1.91973E+11,11.28324015,Elliptical
353.4685,7.0816,0.2944,14.07699966,13.78499985,0.291999817,-26.89838012,1.13593E+12,1.39211E+11,11.14367355,Elliptical
163.6741,37.8225,0.3795,14.49100018,14.29800034,0.19299984,-27.12486474,1.39941E+12,3.06003E+11,11.48572568,Elliptical
186.8781,8.8246,0.0824,12.40400028,12.34899998,0.055000305,-25.53494822,3.23578E+11,1.58591E+11,11.20027854,Elliptical
347.9645,4.2833,0.3105,14.22999954,14.02200031,0.207999229,-26.87861527,1.11544E+12,2.23423E+11,11.34912788,Elliptical
152.5722,32.8318,0.29,14.26799965,13.93500042,0.332999229,-26.6698021,9.20282E+11,88736602799,10.9481028,Elliptical
335.5178,-1.0787,0.3155,14.43400002,14.08399963,0.350000381,-26.71469989,9.59135E+11,83729594617,10.92287899,Elliptical
171.2179,41.6675,0.1937,12.94699955,12.72500038,0.221999168,-27.00022077,1.24764E+12,2.30256E+11,11.36221096,Elliptical
173.9747,40.0256,0.2917,15.75699997,15.46500015,0.291999817,-25.19538233,2.36675E+11,29005035251,10.4624734,Spiral
231.0309,29.889,0.1133,12.64599991,12.52600002,0.119999886,-26.0291514,5.10106E+11,1.70947E+11,11.23286148,Elliptical
16.2307,0.0601,0.2678,13.78899956,13.48999977,0.298999786,-26.95081415,1.19214E+12,1.40238E+11,11.14686571,Elliptical
237.1318,11.3636,0.2228,13.64299965,13.43099976,0.211999893,-26.64423812,8.98867E+11,1.7588E+11,11.24521646,Elliptical
14.09,8.2695,0.3867,14.4289999,14.26200008,0.166999817,-27.23478367,1.54851E+12,3.94216E+11,11.59573425,Giant Elliptical / BCG
161.7153,9.0717,0.2191,14.28800011,14.03199959,0.256000519,-25.95836351,4.77909E+11,72294304872,10.85910409,Elliptical
193.3793,-2.7344,0.4034,13.99600029,13.78100014,0.215000153,-27.77583134,2.54878E+12,4.90041E+11,11.69023242,Giant Elliptical / BCG
42.0348,-2.277,0.2396,14.66499996,14.25599957,0.409000397,-25.80029404,4.13159E+11,25542100436,10.40725661,Spiral
191.0102,28.9373,0.2329,13.94699955,13.65999985,0.286999702,-26.44870724,7.50728E+11,94733514876,10.97650365,Elliptical
344.2198,5.504,0.1639,14.05300045,13.79699993,0.256000519,-25.49299058,3.11312E+11,47092843580,10.67295491,Elliptical
221.3424,36.4512,0.3417,14.77799988,14.51299953,0.265000343,-26.57164298,8.40731E+11,1.20658E+11,11.08155612,Elliptical
172.7613,22.3749,0.177,13.85499954,13.6239996,0.230999947,-25.8750715,4.42618E+11,77497686390,10.88928874,Elliptical
134.4751,3.1764,0.1978,13.28100014,13.05799961,0.223000526,-26.71687515,9.61059E+11,1.76331E+11,11.24632867,Elliptical
157.444,16.3454,0.3723,15.83399963,15.60499954,0.229000092,-25.73310033,3.88365E+11,68798647105,10.8375799,Elliptical
10.1039,4.9108,0.2625,15.21800041,14.53600025,0.68200016,-25.47231715,3.05441E+11,3825132244,9.582646454,Spiral
2.7141,29.1611,0.3237,13.82699966,13.65400028,0.172999382,-27.38619169,1.78023E+12,4.37581E+11,11.64105846,Giant Elliptical / BCG
28.6184,-8.0138,0.3598,14.22700024,14.03899956,0.188000679,-27.25333457,1.57519E+12,3.5466E+11,11.54981221,Giant Elliptical / BCG
223.4571,22.082,0.1153,13.50899982,13.38300037,0.125999451,-25.20697381,2.39216E+11,77401774961,10.88875092,Elliptical
329.0358,1.3909,0.2186,14.68099976,14.32800007,0.352999687,-25.55979156,3.31068E+11,28398631826,10.45329742,Spiral
225.3461,42.3445,0.2917,14.11600018,13.81999969,0.296000481,-26.83638213,1.07288E+12,1.28443E+11,11.10871044,Elliptical
341.3656,28.1502,0.3432,14.14999962,13.85999966,0.289999962,-27.21071345,1.51456E+12,1.87796E+11,11.27368634,Elliptical
346.3878,11.3396,0.2623,13.37899971,13.12300014,0.255999565,-27.30943213,1.65872E+12,2.50919E+11,11.39953355,Elliptical
150.5626,33.6526,0.3968,14.10700035,13.88500023,0.222000122,-27.62263251,2.21336E+12,4.08482E+11,11.61117292,Giant Elliptical / BCG
248.5155,25.293,0.2698,14.78800011,14.3920002,0.395999908,-25.97025744,4.83173E+11,32230215506,10.50826321,Elliptical
6.9212,19.4296,0.4053,14.66800022,14.52000046,0.147999763,-27.11586126,1.38786E+12,3.94844E+11,11.59642554,Giant Elliptical / BCG
179.3222,33.6109,0.214,15.54899979,15.13899994,0.409999847,-24.6399671,1.41901E+11,8721420488,9.940587226,Spiral
202.6228,49.1466,0.3306,14.16600037,13.9119997,0.254000664,-27.10030388,1.36811E+12,2.09392E+11,11.32096009,Elliptical
188.5673,15.2523,0.2831,14.26500034,13.99499989,0.270000458,-26.61280281,8.73215E+11,1.21708E+11,11.08531913,Elliptical
223.8555,36.048,0.3655,14.42300034,14.18999958,0.233000755,-27.09723852,1.36425E+12,2.36088E+11,11.37307391,Elliptical
128.0364,4.3217,0.2021,15.75199986,15.43200016,0.319999695,-24.29796849,1.03559E+11,10774277820,10.03238817,Spiral
350.5615,28.5209,0.3973,15.11600018,14.86900043,0.246999741,-26.61685218,8.76478E+11,1.39753E+11,11.14536114,Elliptical
44.1285,0.1009,0.3607,14.34799957,14.08600044,0.26199913,-27.13867444,1.41733E+12,2.0701E+11,11.31599133,Elliptical
225.6252,19.5824,0.3434,14.60499954,14.35599995,0.248999596,-26.75718619,9.97412E+11,1.57187E+11,11.19641663,Elliptical
173.8941,21.0481,0.1653,13.46800041,13.28199959,0.186000824,-26.09830332,5.43652E+11,1.23845E+11,11.09287848,Elliptical
260.6132,32.1326,0.2253,14.03600025,13.72399998,0.312000275,-26.27850219,6.41802E+11,69971338057,10.84492018,Elliptical
350.7013,5.8024,0.2245,13.6619997,13.36299992,0.298999786,-26.64380853,8.98511E+11,1.05697E+11,11.02406266,Elliptical
172.5044,33.0335,0.2222,13.89299965,13.6260004,0.266999245,-26.38765262,7.09678E+11,1.00666E+11,11.00288281,Elliptical
178.0529,60.5444,0.3696,14.59000015,14.41800022,0.171999931,-26.95858842,1.2007E+12,2.96863E+11,11.47255607,Elliptical
134.0529,37.9377,0.4085,14.55500031,14.42199993,0.133000374,-27.24900463,1.56892E+12,4.87283E+11,11.68778126,Giant Elliptical / BCG
223.3268,41.4719,0.336,14.29100037,14.07499981,0.216000557,-27.01616352,1.26609E+12,2.42005E+11,11.38382434,Elliptical
226.7288,34.5517,0.3617,13.9090004,13.70899963,0.200000763,-27.5847001,2.13737E+12,4.48619E+11,11.65187766,Giant Elliptical / BCG
22.2528,-8.7556,0.3591,14.16600037,13.92199993,0.244000435,-27.30939384,1.65866E+12,2.69151E+11,11.429996,Elliptical
158.2101,13.8785,0.3179,14.68900013,14.45899963,0.230000496,-26.47873345,7.7178E+11,1.35923E+11,11.13329295,Elliptical
216.8433,20.1152,0.3251,15.36699963,15.01200008,0.354999542,-25.85705196,4.35332E+11,36908121861,10.56712195,Elliptical
139.0376,-0.374,0.3233,14.30500031,14.0369997,0.268000603,-26.90508019,1.14296E+12,1.6118E+11,11.20731115,Elliptical
143.942,8.1269,0.3773,14.93500042,14.78899956,0.146000862,-26.6660553,9.17111E+11,2.63985E+11,11.42157925,Elliptical
178.825,23.4049,0.1386,14.18099976,13.92300034,0.25799942,-24.96697767,1.91775E+11,28672960821,10.45747254,Spiral
227.7338,5.7448,0.0794,11.44299984,11.47200012,-0.029000282,-26.41097016,7.25084E+11,5.8083E+11,11.76404904,Giant Elliptical / BCG
161.3663,38.3501,0.3252,14.47099972,14.00199986,0.468999863,-26.75382595,9.9433E+11,43278353356,10.63627073,Elliptical
145.2562,12.5896,0.1797,14.78800011,14.54300022,0.244999886,-24.97843291,1.93809E+11,31266081350,10.49507345,Spiral
234.7485,33.621,0.1951,13.62899971,13.69499969,-0.065999985,-26.33562803,6.76474E+11,6.72808E+11,11.82789115,Giant Elliptical / BCG
28.4293,5.5918,0.3156,15.13799953,14.80099964,0.336999893,-26.0114961,5.01878E+11,47273603795,10.67461871,Elliptical
162.7602,53.216,0.3184,14.17399979,13.95400047,0.219999313,-26.99768249,1.24472E+12,2.32421E+11,11.36627537,Elliptical
250.0825,46.7115,0.2259,13.86800003,13.6079998,0.260000229,-26.4530044,7.53706E+11,1.11378E+11,11.04679942,Elliptical
144.5529,31.5219,0.3869,14.25699997,13.99100018,0.265999794,-27.40810288,1.81652E+12,2.5918E+11,11.41360149,Elliptical
220.3765,38.3618,0.3574,14.53899956,14.30200005,0.236999512,-26.92435899,1.16344E+12,1.96682E+11,11.29376462,Elliptical
158.1753,19.8444,0.4,15.03499985,14.8210001,0.213999748,-26.71517337,9.59554E+11,1.85571E+11,11.26851011,Elliptical
217.6193,24.672,0.1364,12.96000004,12.79800034,0.161999702,-26.15022518,5.70283E+11,1.4949E+11,11.17461214,Elliptical
18.1159,3.5505,0.4035,14.70400047,14.56900024,0.135000229,-27.06846561,1.32858E+12,4.07836E+11,11.61048556,Giant Elliptical / BCG
32.5757,-1.0183,0.1753,13.75,13.52099991,0.229000092,-25.95691154,4.77271E+11,84548203390,10.92710438,Elliptical
144.5819,52.0513,0.3409,14.51500034,14.26099968,0.254000664,-26.82872009,1.06534E+12,1.63052E+11,11.21232613,Elliptical
124.7656,18.1449,0.3009,14.24199963,14.09599972,0.145999908,-26.78795859,1.02609E+12,2.95355E+11,11.47034433,Elliptical
213.5513,6.8675,0.1122,12.86999989,12.78299999,0.086999893,-25.78240881,4.06409E+11,1.6519E+11,11.21798375,Elliptical
341.8012,-2.0938,0.3357,14.15299988,13.84700012,0.305999756,-27.15190994,1.43471E+12,1.62004E+11,11.20952574,Elliptical
341.2217,27.074,0.303,13.84000015,13.6260004,0.213999748,-27.20735945,1.50988E+12,2.92001E+11,11.46538434,Elliptical
346.3337,21.0537,0.1016,12.39099979,12.34700012,0.043999672,-26.03078061,5.10872E+11,2.67026E+11,11.42655355,Elliptical
343.5164,16.9494,0.3357,14.96100044,14.64799976,0.313000679,-26.34390938,6.81654E+11,73882575645,10.86854203,Elliptical
167.5152,34.5451,0.2499,13.84500027,13.6239996,0.221000671,-26.72385133,9.67254E+11,1.79556E+11,11.25419992,Elliptical
150.3957,30.8917,0.3048,15.05700016,14.77799988,0.279000282,-26.00518685,4.9897E+11,65980260038,10.81941402,Elliptical
223.018,11.7791,0.3148,14.24100018,13.98400021,0.256999969,-26.90212315,1.13985E+12,1.71423E+11,11.23406909,Elliptical
172.5054,12.9381,0.2417,13.47099972,13.14799976,0.322999954,-27.01573637,1.26559E+12,1.29382E+11,11.11187386,Elliptical
195.4898,42.1418,0.3319,14.26099968,14.03499985,0.225999832,-27.01519699,1.26497E+12,2.28055E+11,11.3580396,Elliptical
33.6712,-4.5674,0.1371,14.85200024,14.55099964,0.301000595,-24.27029847,1.00953E+11,11737561393,10.06957788,Spiral
18.0755,33.1565,0.118,12.82199955,12.71899986,0.102999687,-25.94803913,4.73386E+11,1.75225E+11,11.24359607,Elliptical
127.0245,44.7668,0.1481,12.63700008,12.47500038,0.161999702,-26.66781938,9.18603E+11,2.40796E+11,11.38164927,Elliptical
231.2647,37.0444,0.2028,13.42500019,13.16100025,0.263999939,-26.63335127,8.89899E+11,1.28464E+11,11.10878144,Elliptical
255.6771,34.06,0.1013,12.24499989,12.17099953,0.074000359,-26.1699276,5.80726E+11,2.54689E+11,11.40601019,Elliptical
147.4658,17.1196,0.3881,14.33500004,14.09599972,0.23900032,-27.33800531,1.70295E+12,2.84539E+11,11.4541418,Elliptical
205.2428,-1.8543,0.3554,13.81499958,13.4630003,0.351999283,-27.63413165,2.23693E+12,1.93008E+11,11.28557531,Elliptical
335.9872,-1.5833,0.0905,12.28100014,12.2329998,0.048000336,-25.87346137,4.41962E+11,2.25665E+11,11.35346421,Elliptical
244.4043,7.4471,0.416,14.73900032,14.55300045,0.18599987,-27.11164986,1.38248E+12,3.14935E+11,11.49822093,Elliptical
259.6312,30.0468,0.2787,13.67199993,13.40799999,0.263999939,-27.16683693,1.45457E+12,2.09979E+11,11.32217586,Elliptical
146.5172,2.5795,0.3498,14.98600006,14.65200043,0.333999634,-26.42289865,7.33094E+11,70274925090,10.84680039,Elliptical
22.4966,23.3358,0.2338,13.94099998,13.64099979,0.300000191,-26.46416079,7.6149E+11,89056132269,10.94966383,Elliptical
219.1898,29.7643,0.3611,14.5010004,14.2510004,0.25,-26.98848636,1.23423E+12,1.93372E+11,11.28639359,Elliptical
143.0359,29.0678,0.2987,14.20699978,13.92399979,0.282999992,-26.80460819,1.04194E+12,1.34593E+11,11.12902247,Elliptical
151.6674,21.6707,0.1933,15.31099987,14.97599983,0.335000038,-24.63122551,1.40764E+11,13414982455,10.12759011,Spiral
203.1127,-3.0778,0.1803,13.53299999,13.30700016,0.225999832,-26.2414446,6.20266E+11,1.11825E+11,11.04853891,Elliptical
8.9234,12.9301,0.2558,14.29800034,14.07299995,0.225000381,-26.32841348,6.71994E+11,1.21861E+11,11.08586474,Elliptical
159.6703,14.2187,0.3814,14.67199993,14.47799969,0.194000244,-26.95659114,1.1985E+12,2.60541E+11,11.41587608,Elliptical
323.8283,1.4242,0.232,13.74800014,13.44400024,0.303999901,-26.63821893,8.93897E+11,1.02124E+11,11.00912782,Elliptical
123.941,10.0696,0.2715,13.88599968,13.70199966,0.184000015,-26.8878365,1.12495E+12,2.59283E+11,11.41377404,Elliptical
222.0389,27.3679,0.2488,14.48700047,14.18000031,0.30700016,-26.07098101,5.30142E+11,59513021000,10.774612,Elliptical
224.2363,6.7808,0.3076,14.05799961,13.81599998,0.241999626,-27.02709293,1.2789E+12,2.0997E+11,11.32215725,Elliptical
216.4861,37.8165,0.1651,13.06799984,12.88300037,0.184999466,-26.4954119,7.83727E+11,1.79583E+11,11.25426522,Elliptical
203.5362,20.2481,0.1746,13.6590004,13.40299988,0.256000519,-26.03831424,5.14429E+11,77818773056,10.89108438,Elliptical
201.7542,2.2054,0.2616,13.58699989,13.29899979,0.288000107,-27.09482146,1.36122E+12,1.70769E+11,11.23240904,Elliptical
12.7276,26.3357,0.2428,13.44999981,13.18000031,0.269999504,-27.04789945,1.30365E+12,1.81703E+11,11.2593621,Elliptical
149.705,20.8469,0.2123,14.11100006,13.7670002,0.343999863,-26.05855374,5.24109E+11,47387287027,10.67566185,Elliptical
37.7287,2.7888,0.2456,13.23999977,12.99400043,0.245999336,-27.28610602,1.62346E+12,2.60378E+11,11.41560429,Elliptical
175.1434,44.0967,0.3848,13.7510004,13.59599972,0.155000687,-27.90021847,2.85817E+12,7.80523E+11,11.89238571,Giant Elliptical / BCG
171.6643,-0.3455,0.3291,14.27799988,14.09300041,0.184999466,-26.97684545,1.22106E+12,2.79795E+11,11.44683995,Elliptical
351.2583,17.9082,0.1499,13.05799961,12.82699966,0.230999947,-26.27547448,6.40014E+11,1.1206E+11,11.04945062,Elliptical
201.566,48.8748,0.2801,14.87699986,14.42500019,0.451999664,-25.97429638,4.84974E+11,23315213960,10.36763941,Spiral
228.0646,15.2485,0.1841,14.53899956,14.23200035,0.306999207,-25.28561835,2.57186E+11,28871500490,10.46046936,Spiral
158.9545,49.3959,0.3709,14.53199959,14.19299984,0.338999748,-27.02551739,1.27705E+12,1.18891E+11,11.07514898,Elliptical
151.0289,20.8196,0.309,14.40799999,14.19099998,0.217000008,-26.68847348,9.36245E+11,1.77914E+11,11.25021012,Elliptical
359.3848,30.8959,0.295,14.7510004,14.34599972,0.405000687,-26.22946358,6.13459E+11,38822516869,10.58908369,Elliptical
193.9219,44.091,0.2343,14.40100002,14.13199997,0.269000053,-26.00939848,5.0091E+11,70226213910,10.84649926,Elliptical
175.859,-0.4574,0.3503,16.55900002,15.81700039,0.741999626,-24.85351492,1.72745E+11,1523094737,9.182726917,Spiral
325.0043,-8.0982,0.1293,12.75300026,12.5710001,0.18200016,-26.23137478,6.1454E+11,1.43308E+11,11.15627044,Elliptical
185.2886,19.2173,0.3236,14.3409996,14.12899971,0.211999893,-26.87141437,1.10807E+12,2.16813E+11,11.33608532,Elliptical
323.8009,-1.0488,0.319,14.10900021,13.90600014,0.203000069,-27.06741299,1.32729E+12,2.73744E+11,11.43734461,Elliptical
231.3056,2.5746,0.3063,13.99199963,13.80799961,0.184000015,-27.08248216,1.34584E+12,3.10194E+11,11.49163339,Elliptical
126.3711,47.1336,0.1268,11.98700047,11.88500023,0.102000237,-26.95151446,1.1929E+12,4.44145E+11,11.64752478,Giant Elliptical / BCG
249.5036,37.8833,0.163,14.93000031,14.72000027,0.210000038,-24.60284718,1.37132E+11,27148058332,10.43373877,Spiral
127.4977,56.329,0.2698,14.00599957,13.73200035,0.273999214,-26.75225798,9.92895E+11,1.3519E+11,11.13094457,Elliptical
119.0889,30.2838,0.3203,14.0710001,13.89999962,0.171000481,-27.1156354,1.38757E+12,3.45075E+11,11.5379135,Giant Elliptical / BCG
235.8223,7.9504,0.3586,14.23499966,14.00199986,0.232999802,-27.23686011,1.55147E+12,2.68488E+11,11.42892488,Elliptical
164.0978,21.2487,0.3938,15.48900032,14.95400047,0.534999847,-26.22123649,6.08828E+11,18013370626,10.25559498,Spiral
11.1177,1.8363,0.3601,14.77700043,14.48400021,0.293000221,-26.70544907,9.50998E+11,1.15867E+11,11.06395976,Elliptical
148.2049,51.8848,0.2143,13.62300014,13.34399986,0.279000282,-26.56937779,8.38979E+11,1.10941E+11,11.04509208,Elliptical
233.8405,37.3961,0.1543,12.7510004,12.49499989,0.256000519,-26.65118952,9.0464E+11,1.36847E+11,11.13623528,Elliptical
3.2037,-8.9265,0.3369,15.77000046,15.53199959,0.23800087,-25.54391453,3.26261E+11,54833201629,10.7390436,Elliptical
227.6678,2.5905,0.2202,16.3390007,15.72599983,0.61300087,-23.9195808,73085684491,1370282494,9.136810109,Spiral
344.5523,26.8726,0.403,14.3760004,14.19999981,0.176000595,-27.39329195,1.79191E+12,4.32788E+11,11.63627521,Giant Elliptical / BCG
165.6497,51.6173,0.4039,14.43900013,14.29199982,0.147000313,-27.33600232,1.69981E+12,4.8643E+11,11.68702035,Giant Elliptical / BCG
232.5189,35.2861,0.2311,14.26099968,14.02299976,0.237999916,-26.1156977,5.52432E+11,92845164902,10.96775929,Elliptical
142.8335,5.1451,0.3585,14.96100044,14.63599968,0.325000763,-26.51015189,7.94439E+11,80271026881,10.90455882,Elliptical
197.1946,4.0758,0.3598,14.1420002,13.90799999,0.234000206,-27.33833461,1.70347E+12,2.93071E+11,11.46697285,Elliptical
6.157,-2.6256,0.2169,13.87899971,13.61499977,0.263999939,-26.34275739,6.80931E+11,98297644367,10.99254311,Elliptical
216.4605,10.629,0.1591,12.91300011,12.69200039,0.220999718,-26.56210029,8.33374E+11,1.54704E+11,11.18950154,Elliptical
184.3798,36.6865,0.3652,14.15799999,13.86699963,0.291000366,-27.360153,1.73805E+12,2.1425E+11,11.33092083,Elliptical
248.6942,42.7743,0.2248,13.97000027,13.71199989,0.258000374,-26.33907164,6.78623E+11,1.01463E+11,11.0063077,Elliptical
345.5588,6.8252,0.3032,14.13899994,13.83899975,0.300000191,-26.91001115,1.14817E+12,1.34278E+11,11.12800486,Elliptical
117.7209,17.6768,0.1861,13.6789999,13.44400024,0.234999657,-26.17164072,5.81643E+11,99484897915,10.99775716,Elliptical
180.3829,23.114,0.2625,14.43299961,14.12300014,0.309999466,-26.25731795,6.29401E+11,69427022187,10.84152854,Elliptical
342.9648,10.5186,0.2367,13.94799995,13.63300037,0.31499958,-26.48739715,7.77963E+11,83341233588,10.92085992,Elliptical
343.6238,6.9738,0.3457,14.30599976,14.0909996,0.215000153,-27.07306505,1.33422E+12,2.56523E+11,11.40912631,Elliptical
202.9921,16.1159,0.2055,13.74699974,13.46700001,0.279999733,-26.34343804,6.81358E+11,89572747040,10.95217589,Elliptical
259.3998,36.4703,0.1649,14.61299992,14.37199974,0.241000175,-24.94751656,1.88368E+11,31107576647,10.49286618,Spiral
214.2452,55.0666,0.2462,13.89700031,13.56700039,0.329999924,-26.63511119,8.91342E+11,87467088306,10.94184467,Elliptical
153.03,16.3239,0.2548,13.85000038,13.41399956,0.436000824,-26.76674372,1.00623E+12,53119673285,10.7252554,Elliptical
262.2246,31.3312,0.1998,13.7329998,13.49600029,0.236999512,-26.28923374,6.48177E+11,1.09576E+11,11.03971544,Elliptical
1.8065,-7.9117,0.2028,13.51299953,13.16699982,0.345999718,-26.54535192,8.20617E+11,73333343597,10.86530149,Elliptical
182.3333,-2.225,0.1803,13.5,13.27200031,0.227999687,-26.2744446,6.39408E+11,1.13935E+11,11.05665716,Elliptical
357.021,22.3243,0.3874,14.53999996,14.27799988,0.262000084,-27.12839834,1.40397E+12,2.05059E+11,11.31187884,Elliptical
196.5658,5.2413,0.3613,15.30000019,15.02299976,0.277000427,-26.19089187,5.92048E+11,79209206190,10.89877566,Elliptical
186.1593,14.9097,0.3581,14.65600014,14.43999958,0.216000557,-26.81232065,1.04937E+12,2.0058E+11,11.30228763,Elliptical
6.8476,22.6238,0.149,13.48799992,13.25599957,0.232000351,-25.83118723,4.25084E+11,73993573596,10.869194,Elliptical
187.8679,38.3395,0.3833,14.62699986,14.4630003,0.163999557,-27.01425901,1.26387E+12,3.2745E+11,11.51514499,Giant Elliptical / BCG
243.2786,7.248,0.3155,14.13899994,13.93299961,0.206000328,-27.00969997,1.25858E+12,2.55058E+11,11.40663895,Elliptical
220.9632,17.7041,0.1877,13.82199955,13.60099983,0.220999718,-26.04927335,5.19648E+11,96465063621,10.98437006,Elliptical
196.486,20.5924,0.4093,14.41399956,14.27200031,0.141999245,-27.39501844,1.79476E+12,5.28846E+11,11.72332922,Giant Elliptical / BCG
240.214,33.2017,0.2871,15.03800011,14.64599991,0.392000198,-25.87474653,4.42485E+11,30214687541,10.48021811,Spiral
26.3481,13.9254,0.3361,14.21500015,14.00399971,0.211000443,-27.09291468,1.35883E+12,2.67439E+11,11.42722474,Elliptical
10.3571,25.2015,0.3565,15.07499981,14.81999969,0.255000114,-26.38196555,7.0597E+11,1.0742E+11,11.03108515,Elliptical
25.949,5.6112,0.4116,14.76799965,14.62300014,0.144999504,-27.05538059,1.31266E+12,3.80061E+11,11.57985331,Giant Elliptical / BCG
153.4434,19.7638,0.1131,13.35299969,13.22900009,0.123999596,-25.31803212,2.6498E+11,86746882620,10.93825388,Elliptical
334.9913,-1.4817,0.3415,14.59799957,14.25500011,0.342999458,-26.75016387,9.90982E+11,90125341890,10.95484693,Elliptical
185.6721,2.0997,0.227,13.56799984,13.29800034,0.269999504,-26.76488366,1.00451E+12,1.40009E+11,11.14615595,Elliptical
250.7643,45.7923,0.3992,12.80599976,12.84399986,-0.038000107,-28.93905264,7.44082E+12,6.28263E+12,12.79814148,Giant Elliptical / BCG
194.7367,7.48,0.3531,14.25399971,13.75399971,0.5,-27.17867862,1.47052E+12,53391417208,10.72747145,Elliptical
328.9249,12.5246,0.191,12.71399975,12.50300026,0.210999489,-27.19931774,1.49874E+12,2.94977E+11,11.46978815,Elliptical
221.1325,31.2267,0.2249,13.52499962,13.31400013,0.210999489,-26.78515929,1.02344E+12,2.0143E+11,11.30412415,Elliptical
135.6947,14.3935,0.3143,14.53600025,14.1789999,0.357000351,-26.60313282,8.65472E+11,72522411266,10.86047224,Elliptical
223.2169,15.7854,0.291,14.43099976,14.14700031,0.283999443,-26.51538828,7.9828E+11,1.02517E+11,11.01079589,Elliptical
4.8654,32.0834,0.3584,14.36200047,14.09599972,0.266000748,-27.10844425,1.37841E+12,1.96669E+11,11.29373591,Elliptical
179.0876,19.021,0.3276,14.37699986,14.13000011,0.246999741,-26.86633839,1.1029E+12,1.75856E+11,11.24515719,Elliptical
355.743,41.9235,0.3051,14.30099964,14.04899979,0.251999855,-26.76365077,1.00337E+12,1.55375E+11,11.19138114,Elliptical
354.7309,10.0661,0.3819,14.20400047,13.92599964,0.278000832,-27.42792987,1.85E+12,2.46065E+11,11.39104984,Elliptical
16.7221,-2.4824,0.1842,14.02700043,13.7130003,0.31400013,-25.79892482,4.12639E+11,44464109588,10.6480096,Elliptical
12.742,-9.4896,0.2032,13.6239996,13.33600044,0.287999153,-26.43913022,7.44136E+11,93354280724,10.97013424,Elliptical
7.1845,-0.0964,0.2246,14.10099983,13.77499962,0.326000214,-26.20589674,6.00287E+11,60300116855,10.78031815,Elliptical
172.4647,2.938,0.2351,16.28800011,15.77499962,0.513000488,-24.13075737,88777507819,2987319742,9.475281709,Spiral
173.2132,14.4612,0.0822,12.22299957,12.22500038,-0.002000809,-25.71037623,3.80321E+11,2.60155E+11,11.41523218,Elliptical
151.8861,0.5941,0.0972,12.46700001,12.39599991,0.071000099,-25.85229438,4.33429E+11,1.93454E+11,11.28657771,Elliptical
244.5149,12.1924,0.39,14.40999985,14.22099972,0.18900013,-27.27547177,1.60764E+12,3.59856E+11,11.55612875,Giant Elliptical / BCG
152.1594,60.779,0.3948,14.21800041,14.09700012,0.12100029,-27.49871687,1.97463E+12,6.57879E+11,11.81814602,Giant Elliptical / BCG
189.8443,44.1682,0.2612,14.27600002,13.94200039,0.333999634,-26.4020366,7.19142E+11,68937506352,10.83845557,Elliptical
186.1746,35.3053,0.3738,15.57800007,15.12199974,0.456000328,-25.99933057,4.96286E+11,23307269254,10.36749139,Spiral
206.945,47.8708,0.1683,13.46199989,13.22599983,0.236000061,-26.14729787,5.68747E+11,96711694344,10.98547899,Elliptical
161.8709,15.2339,0.2095,13.73600006,13.47599983,0.260000229,-26.40126413,7.18631E+11,1.06195E+11,11.02610407,Elliptical
113.5258,40.3301,0.3893,14.75599957,14.78600025,-0.030000687,-26.92488576,1.164E+12,9.37899E+11,11.97215607,Giant Elliptical / BCG
189.977,43.2548,0.4047,14.66899967,14.56900024,0.099999428,-27.11106855,1.38174E+12,5.2051E+11,11.71642908,Giant Elliptical / BCG
184.4399,24.4217,0.3917,14.61400032,14.46000004,0.154000282,-27.08257789,1.34596E+12,3.69718E+11,11.5678706,Giant Elliptical / BCG
183.3937,2.8989,0.4015,14.58500004,14.37199974,0.213000298,-27.17474925,1.46521E+12,2.85022E+11,11.45487838,Elliptical
4.9111,3.5993,0.2666,13.78199959,13.5369997,0.244999886,-26.94668689,1.18761E+12,1.91591E+11,11.2823751,Elliptical
134.8463,18.6405,0.3335,13.94499969,13.72000027,0.224999428,-27.34332341,1.71131E+12,3.10335E+11,11.49183076,Elliptical
22.2477,17.3468,0.3704,14.50699997,14.20300007,0.303999901,-27.04708642,1.30267E+12,1.48825E+11,11.17267589,Elliptical
198.2417,46.2584,0.1829,15.13799953,14.98200035,0.155999184,-24.67087871,1.46E+11,39638166476,10.59811356,Elliptical
193.0077,7.2019,0.3285,14.07499981,13.84500027,0.229999542,-27.17524849,1.46588E+12,2.58167E+11,11.41190073,Elliptical
3.4413,33.7044,0.3218,14.19999981,13.9289999,0.270999908,-26.99838333,1.24553E+12,1.72589E+11,11.23701311,Elliptical
139.961,35.8459,0.2302,13.16699982,12.91399956,0.253000259,-27.20014162,1.49988E+12,2.30906E+11,11.36343522,Elliptical
213.9709,36.9397,0.3275,14.70199966,14.51900005,0.182999611,-26.54056972,8.17011E+11,1.89413E+11,11.27740978,Elliptical
185.1681,1.3534,0.4069,14.81299973,14.56999969,0.243000031,-26.98095179,1.22569E+12,2.0006E+11,11.30116026,Elliptical
174.4976,25.1581,0.2974,13.92800045,13.69499969,0.233000755,-27.07270567,1.33377E+12,2.30813E+11,11.36326027,Elliptical
146.9103,45.3634,0.3319,14.01599979,13.75500011,0.26099968,-27.26019687,1.58518E+12,2.32884E+11,11.36713965,Elliptical
142.1382,11.2279,0.3575,14.18200016,13.95400047,0.227999687,-27.28206783,1.61744E+12,2.88209E+11,11.45970754,Elliptical
52.0639,0.7475,0.3205,14.17000008,13.92000008,0.25,-27.0182047,1.26847E+12,1.98738E+11,11.29828091,Elliptical
195.0562,19.5037,0.3429,14.14500046,13.89700031,0.248000145,-27.21350214,1.51845E+12,2.40702E+11,11.3814797,Elliptical
147.3141,6.79,0.3296,13.65100002,13.39999962,0.251000404,-27.60767028,2.18307E+12,3.40038E+11,11.53152745,Giant Elliptical / BCG
355.2914,21.3643,0.3877,14.27799988,13.99199963,0.286000252,-27.39237381,1.7904E+12,2.27253E+11,11.35650963,Elliptical
359.6904,22.618,0.3774,16.01099968,15.8380003,0.172999382,-25.59073091,3.40637E+11,83728620053,10.92287393,Elliptical
351.6804,1.1342,0.2787,14.67500019,14.46800041,0.206999779,-26.16383667,5.77477E+11,1.16347E+11,11.06575519,Elliptical
157.0659,30.8123,0.2399,13.72799969,13.41499996,0.312999725,-26.74036804,9.82081E+11,1.06446E+11,11.02712935,Elliptical
1.5845,10.8643,0.165,12.82999992,12.62699986,0.203000069,-26.73196459,9.74509E+11,2.00986E+11,11.30316581,Elliptical
178.5653,29.2567,0.3365,14.13000011,13.84300041,0.286999702,-27.18091644,1.47356E+12,1.85946E+11,11.26938684,Elliptical
347.899,22.286,0.285,14.1789999,13.90600014,0.272999763,-26.71545764,9.59805E+11,1.31451E+11,11.11876389,Elliptical
1.5481,-10.4721,0.2164,14.11100006,13.84200001,0.269000053,-26.10513253,5.47083E+11,76699561016,10.88479288,Elliptical
200.0159,-3.0365,0.2894,13.39099979,13.40499973,-0.013999939,-27.54163711,2.05426E+12,1.50735E+12,12.17821411,Giant Elliptical / BCG
334.1654,26.195,0.3674,15.29300022,15.13300037,0.159999847,-26.24041257,6.19677E+11,1.64348E+11,11.21576442,Elliptical
155.6184,50.1056,0.1572,14.72299957,14.31499958,0.407999992,-24.72348867,1.53248E+11,9529617863,9.979075486,Spiral
190.2861,27.5797,0.196,13.58399963,13.32800007,0.255999565,-26.39175766,7.12366E+11,1.07762E+11,11.03246564,Elliptical
210.8577,0.1336,0.1806,13.57400036,13.30300045,0.270999908,-26.20444076,5.99482E+11,83068532303,10.91943654,Elliptical
123.4083,22.0924,0.3901,14.35599995,14.15999985,0.196000099,-27.33012624,1.69064E+12,3.63254E+11,11.56021041,Giant Elliptical / BCG
0.1096,21.9014,0.1702,14.77999973,14.55200005,0.227999687,-24.85616068,1.73167E+11,30856386490,10.48934507,Spiral
204.222,32.4289,0.2558,13.70699978,13.43599987,0.270999908,-26.91941403,1.15815E+12,1.60482E+11,11.20542633,Elliptical
19.004,4.6599,0.3251,14.30799961,14.02999973,0.277999878,-26.91605197,1.15457E+12,1.53568E+11,11.18630073,Elliptical
194.1101,4.6703,0.2277,13.64400005,13.33600044,0.307999611,-26.69641525,9.43118E+11,1.05256E+11,11.02224686,Elliptical
220.2064,29.4745,0.3184,14.19400024,13.96700001,0.227000237,-26.97768204,1.222E+12,2.19024E+11,11.34049171,Elliptical
150.3698,4.577,0.2197,13.78199959,13.5340004,0.247999191,-26.47103533,7.66327E+11,1.21478E+11,11.08449763,Elliptical
345.5034,14.0306,0.154,12.64999962,12.45800018,0.191999435,-26.74756354,9.88611E+11,2.17444E+11,11.33734743,Elliptical
358.9116,1.7653,0.2266,14.0010004,13.70800018,0.293000221,-26.32756959,6.71472E+11,81810166016,10.91280727,Elliptical
147.8404,8.3212,0.1378,12.68599987,12.52200031,0.163999557,-26.44831478,7.50457E+11,1.94432E+11,11.28876774,Elliptical
245.9064,21.7403,0.1523,13.1590004,12.99800014,0.161000252,-26.21218463,6.03773E+11,1.59196E+11,11.20193215,Elliptical
128.5011,12.8921,0.3167,14.10400009,13.90799999,0.196000099,-27.05423324,1.31127E+12,2.81743E+11,11.44985313,Elliptical
129.3424,1.5941,0.3601,14.61299992,14.51299953,0.100000381,-26.86944958,1.10606E+12,4.16657E+11,11.61977868,Giant Elliptical / BCG
260.5682,33.0743,0.1063,12.53199959,12.42599964,0.105999947,-25.99471646,4.94182E+11,1.79741E+11,11.25464715,Elliptical
238.6644,32.3769,0.3425,14.89000034,14.62100029,0.269000053,-26.46555218,7.62467E+11,1.06896E+11,11.02896145,Elliptical
160.4184,15.08,0.4053,15.12899971,14.9630003,0.165999413,-26.65486177,9.07705E+11,2.32438E+11,11.36630713,Elliptical
9.5755,9.4632,0.2891,14.57199955,14.23799992,0.333999634,-26.35805123,6.9059E+11,66200523313,10.82086142,Elliptical
16.5454,24.9452,0.2423,15.03199959,14.81900024,0.212999344,-25.46083129,3.02226E+11,58791451522,10.76931418,Elliptical
224.9813,23.1271,0.18,12.90699959,12.6619997,0.244999886,-26.86344231,1.09996E+12,1.7745E+11,11.249076,Elliptical
138.1496,16.6638,0.4104,14.40499973,14.15999985,0.244999886,-27.41089645,1.8212E+12,2.93805E+11,11.46805918,Elliptical
238.3286,51.1236,0.2346,14.84200001,14.40400028,0.437999725,-25.57153619,3.34668E+11,17462047796,10.24209517,Spiral
225.8967,39.8059,0.3424,14.45899963,14.16899967,0.289999962,-26.89581488,1.13325E+12,1.40516E+11,11.14772578,Elliptical
137.5373,14.1589,0.3017,14.20600033,13.98799992,0.218000412,-26.83060012,1.06719E+12,2.01613E+11,11.30451853,Elliptical
205.6535,39.6037,0.1692,13.9630003,13.68599987,0.277000427,-25.65905681,3.62763E+11,48533502999,10.68604164,Elliptical
245.3623,42.7613,0.1357,12.44999981,12.34599972,0.104000092,-26.64809378,9.02064E+11,3.31954E+11,11.52107791,Giant Elliptical / BCG
175.7263,11.0258,0.1531,13.22900009,13.06200027,0.166999817,-26.15463218,5.72602E+11,1.45772E+11,11.16367411,Elliptical
34.6275,-0.4297,0.2916,14.26299953,14.03600025,0.226999283,-26.68852725,9.36291E+11,1.67816E+11,11.22483337,Elliptical
11.7265,14.8882,0.3516,14.79599953,14.56799984,0.227999687,-26.62589538,8.83808E+11,1.57485E+11,11.19723919,Elliptical
16.3981,2.5162,0.1982,13.7869997,13.48999977,0.296999931,-26.2157654,6.05768E+11,72098517498,10.85792633,Elliptical
246.9074,22.8159,0.2102,16.60000038,16.08399963,0.516000748,-23.54537341,51778487807,1712014598,9.233507463,Spiral
159.2734,46.1866,0.1834,15.39299965,14.83100033,0.561999321,-24.42244839,1.16139E+11,2934276795,9.467501079,Spiral
328.4035,17.6955,0.2292,15.71700001,15.48700047,0.229999542,-24.63948324,1.41838E+11,24980116392,10.39759446,Spiral
245.9747,47.9596,0.1947,14.32400036,14.06000042,0.263999939,-25.63566566,3.55031E+11,51251480993,10.70970642,Elliptical
174.9495,35.7617,0.1717,13.28199959,13.0539999,0.227999687,-26.37517212,7.01567E+11,1.25011E+11,11.09694823,Elliptical
143.7625,0.8213,0.354,16.19099998,15.85400009,0.336999893,-25.24812816,2.48457E+11,23403000231,10.36927154,Spiral
47.9047,40.5246,0.2224,12.99800014,12.80700016,0.190999985,-27.28484911,1.62158E+12,3.58756E+11,11.55479917,Giant Elliptical / BCG
113.0845,31.6335,0.1691,12.91100025,12.70100021,0.210000038,-26.70964227,9.54678E+11,1.88998E+11,11.27645721,Elliptical
348.9165,12.2826,0.331,14.28100014,13.99400043,0.286999702,-26.98835174,1.23407E+12,1.55726E+11,11.19236113,Elliptical
119.2438,49.2973,0.3495,14.03600025,13.82999992,0.206000328,-27.37072644,1.75505E+12,3.55672E+11,11.55104968,Giant Elliptical / BCG
169.5805,16.7262,0.1722,13.40499973,13.18700027,0.217999458,-26.25913786,6.30457E+11,1.19107E+11,11.07593729,Elliptical
131.3587,57.732,0.4082,14.3409996,14.06599998,0.274999619,-27.46112309,1.90743E+12,2.58196E+11,11.41194951,Elliptical
203.2111,57.6616,0.3074,13.5170002,13.30099964,0.216000557,-27.56646261,2.10177E+12,4.01739E+11,11.60394399,Giant Elliptical / BCG
347.5666,14.6895,0.3651,14.49800014,14.2489996,0.249000549,-27.01945721,1.26994E+12,2.00134E+11,11.30132088,Elliptical
239.7058,22.5904,0.4067,14.80599976,14.59700012,0.208999634,-26.98669252,1.23219E+12,2.45368E+11,11.38981792,Elliptical
255.5151,24.4642,0.1695,15.02999973,14.69099998,0.338999748,-24.59629648,1.36307E+11,12689930127,10.10345923,Spiral
121.3567,33.3423,0.3777,14.93999958,14.63700008,0.302999496,-26.66375463,9.1517E+11,1.05168E+11,11.02188361,Elliptical
351.8018,31.133,0.3187,14.56799984,14.19799995,0.369999886,-26.60604893,8.678E+11,67393786961,10.82861986,Elliptical
2.8669,12.7365,0.3926,14.32600021,14.13599968,0.190000534,-27.37643994,1.76431E+12,3.92622E+11,11.59397463,Giant Elliptical / BCG
155.8367,59.811,0.2006,13.29699993,13.03800011,0.258999825,-26.73491382,9.7716E+11,1.45247E+11,11.16210717,Elliptical
10.1525,18.1548,0.1484,13.41399956,13.2489996,0.164999962,-25.89561816,4.51073E+11,1.16184E+11,11.06514632,Elliptical
122.5143,21.2036,0.2729,14.89500046,14.69499969,0.200000763,-25.89159794,4.49406E+11,94327264349,10.97463724,Elliptical
182.5326,6.5245,0.1374,13.51900005,13.28600025,0.232999802,-25.60845536,3.46244E+11,59918736470,10.77756265,Elliptical
220.0609,3.695,0.293,14.29599953,14.06999969,0.225999832,-26.66747997,9.18316E+11,1.65559E+11,11.21895279,Elliptical
31.6208,18.1973,0.355,15.55300045,15.27099991,0.282000542,-25.89327647,4.50102E+11,58482941882,10.76702921,Elliptical
140.567,12.4317,0.1872,13.1619997,12.93200016,0.229999542,-26.70284316,9.48718E+11,1.67085E+11,11.22293746,Elliptical
168.355,59.3573,0.4069,14.20199966,13.97200012,0.229999542,-27.59195185,2.1517E+12,3.7895E+11,11.57858191,Giant Elliptical / BCG
139.339,52.7686,0.1896,13.47700024,13.20699978,0.270000458,-26.41856295,7.30172E+11,1.01771E+11,11.00762404,Elliptical
155.4592,14.1223,0.2522,13.52999973,13.21000004,0.319999695,-27.06143867,1.32E+12,1.37333E+11,11.13777491,Elliptical
153.6003,50.3057,0.3808,14.30300045,14.06200027,0.241000175,-27.32157817,1.67738E+12,2.77007E+11,11.44249074,Elliptical
151.105,48.9123,0.3998,14.11400032,13.86400032,0.25,-27.63489358,2.2385E+12,3.50717E+11,11.54495682,Giant Elliptical / BCG
180.8928,8.7318,0.2355,14.33500004,14.16399956,0.171000481,-26.08792711,5.38482E+11,1.33915E+11,11.12682923,Elliptical
196.4615,30.9048,0.1855,14.67199993,14.34000015,0.331999779,-25.17086119,2.3139E+11,22442179854,10.35106504,Spiral
213.5783,40.8738,0.3799,13.98799992,13.78999996,0.197999954,-27.63054907,2.22956E+12,4.73478E+11,11.6752998,Giant Elliptical / BCG
200.6116,46.7751,0.3765,14.31499958,14.15200043,0.162999153,-27.28065121,1.61533E+12,4.20962E+11,11.62424289,Giant Elliptical / BCG
7.0825,13.9166,0.1407,13.03800011,12.9119997,0.126000404,-26.14549421,5.67803E+11,1.8372E+11,11.26415644,Elliptical
230.6758,9.0568,0.1772,14.1619997,13.84899998,0.312999725,-25.57078241,3.34436E+11,36248802257,10.55929366,Elliptical
180.3646,42.8106,0.2947,14.35700035,14.02999973,0.327000618,-26.62092272,8.7977E+11,87859255627,10.94378752,Elliptical
166.5782,26.4047,0.3297,14.55200005,14.2840004,0.267999649,-26.70743461,9.52739E+11,1.34355E+11,11.12825383,Elliptical
10.6164,24.6116,0.2516,14.02700043,13.72399998,0.30300045,-26.55856411,8.30664E+11,95456278801,10.9798045,Elliptical
128.2232,45.7242,0.3646,15.39400005,15.40299988,-0.008999825,-26.11997647,5.54614E+11,3.9523E+11,11.5968499,Giant Elliptical / BCG
163.453,45.2109,0.3877,14.04300022,13.83199978,0.211000443,-27.62737347,2.22305E+12,4.3753E+11,11.64100784,Giant Elliptical / BCG
150.2578,28.167,0.1849,13.61200047,13.38500023,0.227000237,-26.22305781,6.0985E+11,1.09306E+11,11.038644,Elliptical
184.905,-3.3095,0.2968,14.39799976,14.21399975,0.184000015,-26.59765995,8.61121E+11,1.98474E+11,11.29770362,Elliptical
223.4644,57.3936,0.2783,14.85400009,14.59000015,0.263999939,-25.98126637,4.88097E+11,70460659680,10.8479467,Elliptical
163.3432,30.7994,0.2477,14.75399971,14.40600014,0.347999573,-25.7930673,4.10418E+11,36249999531,10.55930801,Elliptical
211.8815,27.2253,0.1634,15.44200039,15.03100014,0.411000252,-24.09669698,86035719135,5257002138,9.720738154,Spiral
223.4103,3.9926,0.369,15.125,14.86800003,0.256999969,-26.419458,7.30774E+11,1.09901E+11,11.04100164,Elliptical
181.825,51.2906,0.3454,14.52099991,14.29199982,0.229000092,-26.85586915,1.09231E+12,1.93503E+11,11.2866877,Elliptical
205.9077,49.7741,0.2731,13.6590004,13.37199974,0.287000656,-27.12941626,1.40529E+12,1.77331E+11,11.24878466,Elliptical
182.8034,28.4023,0.336,14.2329998,14.03299999,0.199999809,-27.07416409,1.33557E+12,2.80328E+11,11.44766648,Elliptical
163.2758,8.9924,0.171,13.67099953,13.47799969,0.19299984,-25.97638821,4.85909E+11,1.06252E+11,11.02633711,Elliptical
115.5226,31.524,0.3354,14.26799965,14.03600025,0.231999397,-27.03465425,1.28784E+12,2.24173E+11,11.3505833,Elliptical
10.0613,-0.1229,0.2185,14.18700027,13.9090004,0.277999878,-26.05267517,5.21279E+11,69334657825,10.84095038,Elliptical
232.3245,10.3421,0.2228,13.91100025,13.61299992,0.298000336,-26.37623752,7.02255E+11,83094858719,10.91957415,Elliptical
18.8523,24.4984,0.1853,14.10299969,13.85200024,0.250999451,-25.73726309,3.89857E+11,60724875196,10.78336663,Elliptical
244.9115,9.7667,0.2324,13.38899994,13.19200039,0.19699955,-27.00144008,1.24904E+12,2.66807E+11,11.42619722,Elliptical
350.4971,27.5505,0.1168,12.5,12.40200043,0.097999573,-26.24615507,6.22963E+11,2.37434E+11,11.37554291,Elliptical
15.0915,8.3401,0.3354,14.81999969,14.63599968,0.184000015,-26.48265421,7.74572E+11,1.78526E+11,11.25170147,Elliptical
216.4387,0.3889,0.3242,13.74400043,13.52400017,0.220000267,-27.47307453,1.92855E+12,3.60105E+11,11.55642915,Giant Elliptical / BCG
205.136,22.6692,0.2717,14.21000004,13.98499966,0.225000381,-26.56566302,8.36113E+11,1.51623E+11,11.18076509,Elliptical
208.3997,9.703,0.1336,13.13500023,12.99300003,0.142000198,-25.92634373,4.64021E+11,1.36728E+11,11.13585746,Elliptical
145.5727,5.5557,0.3841,14.45600033,14.33600044,0.119999886,-27.19057501,1.48672E+12,4.9823E+11,11.69742987,Giant Elliptical / BCG
250.4487,10.3534,0.3315,13.90600014,13.98099995,-0.074999809,-27.36715651,1.74929E+12,1.83384E+12,12.26336144,Giant Elliptical / BCG
350.7903,23.3502,0.283,14.40699959,14.14299965,0.263999939,-26.46992417,7.65543E+11,1.10512E+11,11.04340944,Elliptical
326.2305,2.0335,0.3716,14.12699986,13.9659996,0.161000252,-27.43531277,1.86262E+12,4.91116E+11,11.69118408,Giant Elliptical / BCG
231.6854,35.6313,0.4147,14.57699966,14.38700008,0.18999958,-27.26562137,1.59312E+12,3.54527E+11,11.54964932,Giant Elliptical / BCG
12.1571,4.6947,0.3475,14.46500015,14.27299976,0.192000389,-26.92720238,1.16649E+12,2.56567E+11,11.4092008,Elliptical
211.2154,47.0845,0.2395,13.96199989,13.66699982,0.295000076,-26.50226874,7.88692E+11,94974562998,10.9776073,Elliptical
8.1422,-19.5377,0.351,15.34899998,14.92500019,0.423999786,-26.06856969,5.28966E+11,29954937508,10.47646842,Spiral
222.4715,30.7618,0.4057,14.36100006,14.14799976,0.213000298,-27.42538738,1.84567E+12,3.59033E+11,11.55513437,Giant Elliptical / BCG
166.0222,12.5477,0.1221,12.93700027,12.79399967,0.143000603,-25.91295171,4.58333E+11,1.34264E+11,11.12795958,Elliptical
182.2415,37.7523,0.3454,14.62899971,14.39700031,0.231999397,-26.74786935,9.88889E+11,1.72135E+11,11.23586918,Elliptical
177.0658,65.8318,0.38,14.10400009,13.89500046,0.208999634,-27.51521951,2.00488E+12,3.99235E+11,11.60122861,Giant Elliptical / BCG
224.5982,60.5477,0.2371,13.3210001,13.07499981,0.24600029,-27.11854071,1.39129E+12,2.23139E+11,11.34857548,Elliptical
190.6496,40.3781,0.36,15.63500023,15.04100037,0.593999863,-25.84674455,4.31219E+11,9035208326,9.955938171,Spiral
358.6864,2.155,0.4159,14.04199982,13.91100025,0.130999565,-27.80803357,2.62551E+12,8.25039E+11,11.91647448,Giant Elliptical / BCG
247.6623,33.5849,0.4122,14.50199986,14.21899986,0.282999992,-27.32511485,1.68285E+12,2.17383E+11,11.33722558,Elliptical
168.2271,13.4358,0.1666,13.15699959,12.95199966,0.204999924,-26.42802321,7.36562E+11,1.50145E+11,11.17651087,Elliptical
194.616,65.3586,0.2349,13.68599987,13.40699959,0.279000282,-26.73067032,9.73348E+11,1.28709E+11,11.10960892,Elliptical
26.9903,21.9988,0.2727,14.29199982,14.02799988,0.263999939,-26.4927791,7.81829E+11,1.12863E+11,11.05255159,Elliptical
220.083,21.3898,0.2333,14.23499966,13.93299961,0.302000046,-26.16491305,5.7805E+11,66816712534,10.8248851,Elliptical
338.5985,5.8383,0.1645,13.18900013,12.99100018,0.197999954,-26.36571603,6.95483E+11,1.47695E+11,11.16936579,Elliptical
169.6409,31.2548,0.2211,13.45100021,13.17300034,0.277999878,-26.81753592,1.05442E+12,1.40247E+11,11.14689358,Elliptical
246.1403,40.2923,0.2636,13.86299992,13.5909996,0.272000313,-26.83766558,1.07415E+12,1.47974E+11,11.17018541,Elliptical
199.6787,38.7167,0.238,13.74600029,13.48900032,0.256999969,-26.70284037,9.48716E+11,1.42678E+11,11.15435701,Elliptical
2.5422,12.303,0.172,13.52799988,13.27099991,0.256999969,-26.13335362,5.61489E+11,84442585927,10.92656152,Elliptical
149.7843,51.1494,0.3997,14.83699989,14.61999989,0.217000008,-26.91125413,1.14948E+12,2.18435E+11,11.33932223,Elliptical
6.5568,7.2386,0.3872,14.73900032,14.61800003,0.12100029,-26.92808027,1.16743E+12,3.88948E+11,11.58989154,Giant Elliptical / BCG
230.014,31.9722,0.3059,14.40400028,14.13300037,0.270999908,-26.66720832,9.18086E+11,1.27217E+11,11.10454515,Elliptical
121.6521,45.7654,0.3688,14.01500034,13.75199986,0.263000488,-27.52807942,2.02877E+12,2.94585E+11,11.46921063,Elliptical
215.1557,19.774,0.4044,14.23499966,14.06400013,0.170999527,-27.54316999,2.05716E+12,5.11598E+11,11.70892884,Giant Elliptical / BCG
215.5654,49.7188,0.187,13.68299961,13.42399979,0.258999825,-26.17926679,5.85742E+11,87065713050,10.93984716,Elliptical
7.5023,3.084,0.3348,14.66600037,14.54599953,0.120000839,-26.63213611,8.88903E+11,2.97888E+11,11.47405301,Elliptical
151.4689,11.9103,0.1615,13.13599968,12.90299988,0.232999802,-26.37479111,7.0132E+11,1.21366E+11,11.08409704,Elliptical
149.9452,22.4027,0.2442,14.95300007,14.28600025,0.666999817,-25.55903969,3.30838E+11,4523101585,9.655436342,Spiral
180.6953,33.6652,0.2856,14.20100021,13.97999954,0.221000671,-26.6986954,9.45101E+11,1.75443E+11,11.24413604,Elliptical
222.359,20.2571,0.3554,14.16499996,13.94900036,0.215999603,-27.28413127,1.62051E+12,3.09752E+11,11.49101412,Elliptical
223.3665,43.4966,0.2454,14.10400009,13.79300022,0.31099987,-26.4201008,7.31207E+11,80186387468,10.90410065,Elliptical
212.0809,33.0316,0.1917,13.1260004,12.86499977,0.261000633,-26.7961491,1.03386E+12,1.51886E+11,11.18151774,Elliptical
5.3683,19.6365,0.3629,14.6789999,14.50899982,0.170000076,-26.82310879,1.05985E+12,2.65121E+11,11.42344413,Elliptical
141.2445,11.3832,0.3775,14.36800003,14.10900021,0.258999825,-27.23440527,1.54797E+12,2.30093E+11,11.36190341,Elliptical
189.4278,21.4289,0.2555,15.26500034,14.90200043,0.362999916,-25.35851621,2.75047E+11,22252904239,10.3473867,Spiral
197.417,7.955,0.2138,14.5010004,14.23200035,0.269000053,-25.68568999,3.71771E+11,52121374577,10.71701586,Elliptical
234.2514,24.4124,0.2254,14.04599953,13.88899994,0.156999588,-26.26958769,6.36554E+11,1.71813E+11,11.23505602,Elliptical
26.2265,-2.2847,0.237,13.98400021,13.78100014,0.203000069,-26.45450528,7.54748E+11,1.55662E+11,11.19218261,Elliptical
253.6803,40.0463,0.1501,15.39999962,15.07299995,0.326999664,-23.93663848,74242979701,7414404000,9.870076246,Spiral
221.0377,0.1785,0.2953,15.06099987,14.83100033,0.229999542,-25.92200265,4.62169E+11,81395842208,10.91060222,Elliptical
145.7121,3.3214,0.2863,14.13700008,13.78100014,0.355999947,-26.76879383,1.00813E+12,84972357655,10.92927767,Elliptical
358.5084,30.585,0.2754,14.28600025,14.07299995,0.213000298,-26.52323876,8.04073E+11,1.56414E+11,11.19427562,Elliptical
14.0248,22.8457,0.3975,14.33699989,14.06400013,0.272999763,-27.39713921,1.79827E+12,2.46284E+11,11.3914362,Elliptical
173.0813,9.3536,0.3028,14.61699963,14.30300045,0.313999176,-26.42870749,7.37026E+11,79419123270,10.89992509,Elliptical
170.8521,15.1846,0.3404,14.04199982,13.72799969,0.31400013,-27.2980126,1.64136E+12,1.76866E+11,11.24764435,Elliptical
3.7096,-6.5286,0.3967,14.17000008,13.95300007,0.217000008,-27.55898843,2.08735E+12,3.96657E+11,11.59841512,Giant Elliptical / BCG
219.0569,-0.2693,0.218,14.27000046,14.04399967,0.226000786,-25.96408854,4.80436E+11,86615062266,10.93759342,Elliptical
122.8318,50.6246,0.3844,15.00300026,14.74600029,0.256999969,-26.64556612,8.99967E+11,1.35346E+11,11.13144543,Elliptical
183.2813,34.1762,0.2264,13.42300034,13.12899971,0.294000626,-26.90341027,1.14121E+12,1.3823E+11,11.14060231,Elliptical
202.5848,62.2188,0.2417,14.18900013,13.86999989,0.319000244,-26.29773596,6.53273E+11,68364991316,10.83483376,Elliptical
142.0883,36.7745,0.3906,14.41300011,14.23499966,0.17800045,-27.27639658,1.60901E+12,3.84094E+11,11.58443752,Giant Elliptical / BCG
207.2188,26.5929,0.0626,11.99499989,11.99699974,-0.001999855,-25.31748888,2.64847E+11,1.81165E+11,11.2580743,Elliptical
15.1544,13.8793,0.3785,14.80700016,14.67800045,0.12899971,-26.80214315,1.03958E+12,3.3052E+11,11.51919774,Giant Elliptical / BCG
125.0767,-0.0509,0.3592,13.98900032,13.79100037,0.197999954,-27.48710023,1.95362E+12,4.14878E+11,11.61792041,Giant Elliptical / BCG
203.6806,32.8298,0.2211,13.89299965,13.60700035,0.285999298,-26.37553649,7.01802E+11,89079214129,10.94977638,Elliptical
154.5728,12.1562,0.2388,13.75599957,13.47500038,0.280999184,-26.70108046,9.47179E+11,1.23792E+11,11.09269258,Elliptical
150.9678,13.8975,0.3886,14.55700016,14.20699978,0.350000381,-27.11929124,1.39225E+12,1.21539E+11,11.08471566,Elliptical
231.6778,16.7941,0.3471,14.17700005,13.83899975,0.338000298,-27.21228842,1.51675E+12,1.42035E+11,11.15239538,Elliptical
131.5241,36.9484,0.2833,14.05599976,13.76099968,0.295000076,-26.82356132,1.06029E+12,1.2768E+11,11.10612287,Elliptical
202.6294,6.8261,0.2817,14.20400047,13.95300007,0.251000404,-26.6614651,9.13242E+11,1.42248E+11,11.15304617,Elliptical
190.8518,50.2703,0.3558,14.85900021,14.79300022,0.065999985,-26.59298238,8.57419E+11,3.94052E+11,11.59555354,Giant Elliptical / BCG
192.6496,-1.5373,0.369,14.0340004,13.79300022,0.241000175,-27.5104576,1.9961E+12,3.29642E+11,11.51804254,Giant Elliptical / BCG
218.5923,-2.5464,0.2895,14.9090004,14.44400024,0.465000153,-26.024498,5.07925E+11,22630742898,10.35469881,Spiral
1.8322,24.4434,0.3865,14.80099964,14.65499973,0.145999908,-26.86146401,1.09796E+12,3.16043E+11,11.49974618,Elliptical
251.0977,32.362,0.3607,14.40299988,14.21700001,0.18599987,-27.08367414,1.34732E+12,3.06923E+11,11.48702943,Elliptical
219.7542,4.9406,0.4047,14.64799976,14.56799984,0.079999924,-27.13206846,1.40873E+12,5.96524E+11,11.77562792,Giant Elliptical / BCG
27.4581,13.6883,0.1569,13.19299984,12.99300003,0.199999809,-26.24894128,6.24563E+11,1.31092E+11,11.11757619,Elliptical
118.1314,31.0068,0.4018,14.64299965,14.41100025,0.231999397,-27.11866089,1.39144E+12,2.42207E+11,11.38418669,Elliptical
340.4587,1.3917,0.3597,14.32999992,14.18500042,0.144999504,-27.14962963,1.4317E+12,4.14527E+11,11.61755282,Giant Elliptical / BCG
353.9465,16.7465,0.3952,13.95100021,13.72200012,0.229000092,-27.76830501,2.53117E+12,4.48396E+11,11.65166173,Giant Elliptical / BCG
343.5352,15.473,0.3252,14.36699963,14.13899994,0.227999687,-26.85782604,1.09428E+12,1.94989E+11,11.29001011,Elliptical
248.8384,29.6461,0.3922,14.41800022,14.2159996,0.202000618,-27.28183616,1.61709E+12,3.35469E+11,11.52565239,Giant Elliptical / BCG
213.9352,64.6912,0.3619,15.09300041,14.90600014,0.187000275,-26.40210324,7.19186E+11,1.62877E+11,11.21185976,Elliptical
124.2791,7.8649,0.2592,13.6619997,13.57699966,0.085000038,-26.99703288,1.24398E+12,5.11579E+11,11.70891271,Giant Elliptical / BCG
220.7966,25.1713,0.3965,14.69900036,14.43400002,0.265000343,-27.028699,1.28079E+12,1.83814E+11,11.26437859,Elliptical
170.0525,47.1923,0.1114,14.06299973,13.79399967,0.269000053,-24.57273649,1.33381E+11,18699692308,10.27183446,Spiral
7.0919,3.2785,0.3611,14.39400005,14.14000034,0.25399971,-27.09548671,1.36206E+12,2.08466E+11,11.31903523,Elliptical
181.1077,14.7229,0.2691,13.95199966,13.65600014,0.295999527,-26.79981689,1.03735E+12,1.2419E+11,11.09408663,Elliptical
157.7581,38.7572,0.1485,13.02499962,12.86299992,0.161999702,-26.28621551,6.46377E+11,1.69436E+11,11.22900569,Elliptical
21.2244,2.5082,0.2155,13.39599991,13.1260004,0.269999504,-26.80997829,1.04711E+12,1.45946E+11,11.1641922,Elliptical
2.5187,25.8872,0.3239,14.05500031,13.78499985,0.270000458,-27.15974515,1.4451E+12,2.01417E+11,11.30409612,Elliptical
167.0959,29.241,0.212,13.22799969,12.99300003,0.234999657,-26.93811339,1.17827E+12,2.01533E+11,11.30434617,Elliptical
157.9347,35.0414,0.1227,14.12699986,13.99699974,0.130000114,-24.73443457,1.54801E+11,48929811038,10.68957354,Elliptical
50.1506,0.4305,0.3869,14.4829998,14.25,0.232999802,-27.18210305,1.47517E+12,2.55283E+11,11.40702189,Elliptical
199.8483,66.8558,0.3337,13.97200012,13.77299976,0.199000359,-27.31783503,1.67161E+12,3.52917E+11,11.54767258,Giant Elliptical / BCG
218.3295,8.7087,0.3403,14.41100025,14.15400028,0.256999969,-26.92826996,1.16764E+12,1.75601E+11,11.24452698,Elliptical
247.5982,35.1298,0.1873,15.24400043,14.85400009,0.390000343,-24.62212971,1.39589E+11,9643862540,9.984251011,Spiral
2.0433,2.0201,0.3694,14.26099968,14.00399971,0.256999969,-27.28621272,1.62362E+12,2.44177E+11,11.38770475,Elliptical
355.6442,29.422,0.2539,13.68599987,13.35599995,0.329999924,-26.92201158,1.16093E+12,1.13921E+11,11.05660379,Elliptical
222.5924,18.9612,0.2793,13.96899986,13.67099953,0.298000336,-26.87518376,1.11192E+12,1.31569E+11,11.11915357,Elliptical
168.3905,37.3744,0.1048,12.81499958,12.71100044,0.103999138,-25.67871107,3.69389E+11,1.35934E+11,11.1333281,Elliptical
229.8801,8.6668,0.3147,14.30099964,14.02000046,0.280999184,-26.8413261,1.07778E+12,1.40862E+11,11.14879385,Elliptical
187.0412,13.9188,0.2547,15.00300026,14.92199993,0.081000328,-25.61277495,3.47624E+11,1.46342E+11,11.16536899,Elliptical
200.7032,31.6549,0.3134,13.59700012,13.32600021,0.270999908,-27.53493574,2.04162E+12,2.82901E+11,11.45163448,Elliptical
213.1652,20.8007,0.3736,17.12999916,16.37400055,0.755998611,-24.44596957,1.18683E+11,964164987.9,8.984151357,Dwarf / Irregular
160.3152,19.9741,0.4127,15.68500042,15.3739996,0.311000824,-26.1452225,5.67661E+11,62251082218,10.79414691,Elliptical
139.0708,43.4998,0.3004,14.52400017,14.28600025,0.237999916,-26.5017984,7.88351E+11,1.32495E+11,11.12219949,Elliptical
119.6129,20.2367,0.2597,13.67199993,13.43500042,0.236999512,-26.99179628,1.23799E+12,2.09286E+11,11.32074018,Elliptical
330.0369,7.1655,0.3805,14.91699982,14.74400043,0.172999382,-26.70557039,9.51104E+11,2.33781E+11,11.36880921,Elliptical
2.5724,6.642,0.2638,15.80799961,15.34799957,0.460000038,-24.89454306,1.79398E+11,8230327673,9.915417126,Spiral
204.946,11.8993,0.387,13.7329998,13.41300011,0.319999695,-27.93276245,2.94513E+12,3.06412E+11,11.48630577,Elliptical
191.8276,35.5289,0.1594,12.9090004,12.72000027,0.18900013,-26.5705886,8.39915E+11,1.88007E+11,11.27417402,Elliptical
201.7663,31.8581,0.2376,14.27700043,13.95199966,0.325000763,-26.16771097,5.79541E+11,58557489666,10.76758245,Elliptical
114.3372,35.2949,0.2113,13.81599998,13.56700039,0.248999596,-26.3420672,6.80498E+11,1.07243E+11,11.03036895,Elliptical
15.4145,2.6151,0.3296,14.48600006,14.22399998,0.262000084,-26.77267024,1.01174E+12,1.47771E+11,11.16958921,Elliptical
206.439,4.2287,0.415,14.53100014,14.26399994,0.267000198,-27.31347585,1.66491E+12,2.36162E+11,11.37321002,Elliptical
235.6505,54.4819,0.2873,13.70100021,13.42099953,0.280000687,-27.21348182,1.51842E+12,1.99614E+11,11.300191,Elliptical
228.5313,51.9353,0.2988,14.64799976,14.40499973,0.243000031,-26.364445,6.94669E+11,1.13386E+11,11.05455943,Elliptical
178.1474,37.262,0.1633,13.56700039,13.32900047,0.237999916,-25.97023576,4.83164E+11,81203456767,10.90957452,Elliptical
144.8574,40.7575,0.2328,13.62100029,13.3409996,0.280000687,-26.77365398,1.01266E+12,1.33125E+11,11.12425962,Elliptical
121.8253,14.0834,0.3788,14.41800022,14.17700005,0.241000175,-27.19316129,1.49027E+12,2.46107E+11,11.39112397,Elliptical
350.1701,11.9344,0.2984,14.06299973,13.80799961,0.255000114,-26.94609631,1.18697E+12,1.80609E+11,11.25673939,Elliptical
147.8016,65.801,0.1202,13.71899986,13.52900028,0.18999958,-25.09423795,2.15623E+11,47983977579,10.68109625,Elliptical
156.4114,4.1271,0.2111,13.48499966,13.14799976,0.336999893,-26.67076419,9.21098E+11,86761279172,10.93832595,Elliptical
173.9293,37.227,0.3536,14.54899979,14.24800014,0.300999641,-26.88726364,1.12436E+12,1.30727E+11,11.11636529,Elliptical
350.6343,9.3156,0.332,14.67099953,14.39999962,0.270999908,-26.60595662,8.67726E+11,1.20238E+11,11.08004174,Elliptical
20.3032,-6.8116,0.319,14.03299999,13.73499966,0.298000336,-27.14341321,1.42353E+12,1.6844E+11,11.22644523,Elliptical
17.7622,17.6628,0.0665,11.76099968,11.78299999,-0.022000313,-25.68864213,3.72784E+11,2.86641E+11,11.45733831,Elliptical
260.3126,54.5269,0.2664,15.13000011,14.80599976,0.324000359,-25.59682735,3.42555E+11,34815290988,10.54177003,Elliptical
330.1432,4.7315,0.4076,14.63599968,14.54399967,0.092000008,-27.1623547,1.44858E+12,5.71823E+11,11.75726162,Giant Elliptical / BCG
13.1309,22.2592,0.183,13.60599995,13.31599998,0.289999962,-26.20419359,5.99346E+11,74315179555,10.87107753,Elliptical
166.2326,5.0084,0.2457,14.03199959,13.80099964,0.230999947,-26.49510809,7.83508E+11,1.37184E+11,11.13730346,Elliptical
126.0837,48.8632,0.1572,13.16399956,13.0010004,0.162999153,-26.28248868,6.44163E+11,1.67872E+11,11.22497826,Elliptical
184.4866,20.6714,0.2028,13.68999958,13.43299961,0.256999969,-26.36835188,6.97173E+11,1.04848E+11,11.02056015,Elliptical
111.7488,35.5667,0.2965,14.13000011,13.85400009,0.276000023,-26.86313287,1.09965E+12,1.47983E+11,11.17021183,Elliptical
179.045,-0.3502,0.2549,13.22900009,12.99499989,0.234000206,-27.38871255,1.78437E+12,3.0699E+11,11.48712423,Elliptical
177.2717,51.5822,0.1295,14.37699986,14.15299988,0.223999977,-24.61100798,1.38167E+11,25202478312,10.40144325,Spiral
126.5926,24.7091,0.2669,14.04399967,13.54199982,0.501999855,-26.68747293,9.35382E+11,33566769036,10.52590954,Elliptical
207.364,35.4797,0.2482,14.09799957,13.81400013,0.283999443,-26.45403408,7.54421E+11,96884665911,10.98625505,Elliptical
176.1881,15.9271,0.2476,13.97700024,13.67300034,0.303999901,-26.56907234,8.38743E+11,95822872821,10.98146919,Elliptical
24.3665,-0.1593,0.3419,14.55500031,14.38399982,0.171000481,-26.79612116,1.03383E+12,2.57103E+11,11.41010714,Elliptical
239.1087,61.8205,0.2896,14.40499973,14.08199978,0.322999954,-26.52935988,8.08619E+11,82665456319,10.91732407,Elliptical
196.2644,31.7153,0.3983,14.9989996,14.76500034,0.233999252,-26.74028054,9.82002E+11,1.68948E+11,11.22775305,Elliptical
184.3171,10.7364,0.2776,14.90600014,14.64099979,0.265000343,-25.92300676,4.62597E+11,66389872249,10.82210183,Elliptical
342.8966,15.2894,0.2335,14.60400009,14.18299961,0.421000481,-25.79801308,4.12292E+11,23760961608,10.37586401,Spiral
318.2674,-6.5689,0.2791,13.33899975,13.0539999,0.284999847,-27.5034028,1.98318E+12,2.53199E+11,11.40346199,Elliptical
231.1163,0.5617,0.3286,14.30599976,14.07999992,0.225999832,-26.94501525,1.18579E+12,2.1378E+11,11.32996707,Elliptical
202.9219,4.8876,0.1708,13.61400032,13.39500046,0.218999863,-26.03058517,5.1078E+11,95934411575,10.98197442,Elliptical
357.3323,33.0056,0.3335,14.77400017,14.63199997,0.142000198,-26.51432294,7.97497E+11,2.3499E+11,11.37104938,Elliptical
183.571,14.7938,0.1571,13.4119997,13.19299984,0.218999863,-26.03297373,5.11905E+11,96145694334,10.98292984,Elliptical
9.6339,7.1929,0.2698,14.09599972,13.87300014,0.222999573,-26.66225783,9.13909E+11,1.67681E+11,11.22448386,Elliptical
341.8834,12.2459,0.4021,14.76299953,14.64999962,0.112999916,-27.00057093,1.24804E+12,4.35721E+11,11.63920849,Giant Elliptical / BCG
201.5221,12.3893,0.2029,13.68700027,13.48499966,0.202000618,-26.37254659,6.99872E+11,1.4519E+11,11.16193671,Elliptical
40.934,-0.2365,0.379,16.34199905,16.17700005,0.164999008,-25.27050711,2.53631E+11,65328902408,10.81510536,Elliptical
236.8574,10.5716,0.2363,13.68000031,13.40499973,0.275000572,-26.75124663,9.9197E+11,1.34276E+11,11.1279984,Elliptical
229.5338,12.2965,0.3556,14.11299992,13.93000031,0.182999611,-27.33755736,1.70225E+12,3.94643E+11,11.5962044,Giant Elliptical / BCG
139.9344,56.3671,0.2798,13.56900024,13.33399963,0.23500061,-27.27963096,1.61381E+12,2.76027E+11,11.44095157,Elliptical
205.4548,26.3735,0.1374,11.86900043,11.85599995,0.013000488,-27.25845498,1.58264E+12,9.91655E+11,11.99636061,Giant Elliptical / BCG
14.9401,20.4397,0.3855,14.47299957,14.26200008,0.210999489,-27.18285505,1.47619E+12,2.90538E+11,11.46320294,Elliptical
147.722,28.8043,0.1145,13.38899994,13.27200031,0.116999626,-25.31072542,2.63203E+11,89765843719,10.95311112,Elliptical
132.0707,28.7058,0.2035,14.1239996,13.84300041,0.280999184,-25.94270828,4.71068E+11,61566630305,10.78934538,Elliptical
40.3032,3.6304,0.2694,14.18799973,13.96800041,0.219999313,-26.56657914,8.36819E+11,1.56255E+11,11.19383392,Elliptical
184.1682,1.7016,0.2455,13.71500015,13.40699959,0.308000565,-26.81010338,1.04723E+12,1.16875E+11,11.06772162,Elliptical
241.4703,27.7354,0.2787,13.68299961,13.35299969,0.329999924,-27.15583725,1.43991E+12,1.41298E+11,11.15013601,Elliptical
137.472,31.1009,0.2691,13.29599953,12.8579998,0.437999725,-27.45581703,1.89813E+12,99039288002,10.99580751,Elliptical
348.8025,3.213,0.3248,14.62899971,14.42000008,0.208999634,-26.59272831,8.57218E+11,1.707E+11,11.23223352,Elliptical
344.5883,8.4646,0.3982,14.33899975,14.1960001,0.142999649,-27.39963828,1.80242E+12,5.28003E+11,11.72263639,Giant Elliptical / BCG
158.0241,53.306,0.133,13.35999966,13.20199966,0.157999992,-25.69074503,3.73506E+11,1.00225E+11,11.00097606,Elliptical
175.1406,56.6578,0.2965,13.88000011,13.58300018,0.296999931,-27.11313287,1.38437E+12,1.64768E+11,11.21687287,Elliptical
189.9769,37.732,0.1899,13.9630003,13.69900036,0.263999939,-25.93637758,4.68329E+11,67606925495,10.82999119,Elliptical
215.2797,36.0508,0.1716,14.0340004,13.76299953,0.271000862,-25.62177587,3.50518E+11,48570006047,10.68636816,Elliptical
169.0397,30.5314,0.3674,14.42199993,14.22500038,0.19699955,-27.11141286,1.38218E+12,2.95248E+11,11.47018696,Elliptical
180.2108,-1.4654,0.2733,14.89400005,14.49699974,0.397000313,-25.89623363,4.51329E+11,29930409523,10.47611266,Spiral
179.9327,25.8237,0.2224,15.04399967,14.7489996,0.295000076,-25.23884958,2.46343E+11,29664678084,10.47223964,Spiral
235.5188,48.0911,0.2021,15.59200001,15.23799992,0.354000092,-24.45796833,1.20002E+11,10233568504,10.0100271,Spiral
254.1845,50.2925,0.3456,14.45800018,14.27999973,0.17800045,-26.9203329,1.15913E+12,2.76702E+11,11.4420123,Elliptical
15.3901,31.3678,0.2208,13.48700047,13.20699978,0.280000687,-26.77822162,1.01692E+12,1.33686E+11,11.12608593,Elliptical
21.1072,32.8161,0.2756,15.03299999,14.81999969,0.213000298,-25.77804209,4.04778E+11,78740121630,10.89619608,Elliptical
123.8429,22.7293,0.0934,13.87300014,13.69499969,0.17800045,-24.35418206,1.09062E+11,26034646125,10.41555168,Spiral
349.9069,15.8286,0.2967,14.5369997,14.27099991,0.265999794,-26.45781803,7.57055E+11,1.08016E+11,11.03348809,Elliptical
167.3623,20.6527,0.1351,12.85400009,12.71100044,0.142999649,-26.23364825,6.15828E+11,1.80402E+11,11.25624135,Elliptical
144.7536,17.7023,0.4026,14.25399971,14.19999981,0.053999901,-27.51275104,2.00032E+12,9.86145E+11,11.99394078,Giant Elliptical / BCG
138.0331,27.3498,0.1807,13.80700016,13.5539999,0.253000259,-25.97277177,4.84294E+11,74556935304,10.87248805,Elliptical
29.7057,-0.4002,0.3635,14.32999992,14.17300034,0.156999588,-27.17630325,1.46731E+12,3.96043E+11,11.59774234,Giant Elliptical / BCG
112.7099,40.7935,0.1193,12.94400024,12.81400013,0.130000114,-25.85165581,4.33174E+11,1.36918E+11,11.13646055,Elliptical
243.2213,6.7563,0.3607,14.38399982,14.22700024,0.156999588,-27.10267419,1.3711E+12,3.70076E+11,11.56829092,Giant Elliptical / BCG
24.6896,17.413,0.4081,15.03600025,14.70400047,0.331999779,-26.76549475,1.00507E+12,97480659994,10.98891846,Elliptical
149.2403,8.0712,0.3843,14.56200027,14.34300041,0.218999863,-27.08590258,1.35008E+12,2.53572E+11,11.4041013,Elliptical
224.9707,12.2297,0.3662,14.73900032,14.53800011,0.201000214,-26.78609942,1.02433E+12,2.13747E+11,11.32990003,Elliptical
186.6769,19.8407,0.2216,13.81099987,13.56599998,0.244999886,-26.46305048,7.60712E+11,1.22721E+11,11.08891889,Elliptical
214.1286,55.3633,0.4061,14.89799976,14.80200005,0.095999718,-26.89091133,1.12814E+12,4.35036E+11,11.6385252,Giant Elliptical / BCG
223.0898,-0.9722,0.3141,14.52600002,14.21800041,0.307999611,-26.61153531,8.72196E+11,97340844748,10.98829511,Elliptical
230.9381,28.1211,0.2303,14.20400047,13.95300007,0.251000404,-26.16420443,5.77673E+11,89978913737,10.95414075,Elliptical
11.0984,30.5507,0.1407,12.4659996,12.31400013,0.151999474,-26.71749471,9.61608E+11,2.67251E+11,11.42691934,Elliptical
211.5405,27.1729,0.3504,14.56499958,14.38300037,0.181999207,-26.84823803,1.08466E+12,2.5294E+11,11.40301751,Elliptical
180.1921,29.716,0.1562,13.02200031,12.81000042,0.211999893,-26.40929928,7.23969E+11,1.41658E+11,11.15124111,Elliptical
145.8257,5.9114,0.0888,12.1420002,12.11299992,0.029000282,-25.96879587,4.82523E+11,2.75333E+11,11.43985827,Elliptical
252.0986,16.77,0.3102,14.19999981,13.9119997,0.288000107,-26.90619106,1.14413E+12,1.43534E+11,11.15695479,Elliptical
14.8717,3.7222,0.2766,13.60299969,13.37199974,0.230999947,-27.21703974,1.52341E+12,2.66733E+11,11.42607675,Elliptical
157.6683,41.1268,0.2099,14.80500031,14.75300026,0.052000046,-25.336901,2.69625E+11,1.34487E+11,11.12868031,Elliptical
345.1467,1.753,0.1806,13.38599968,13.13899994,0.246999741,-26.39244144,7.12815E+11,1.13657E+11,11.05559619,Elliptical
240.1423,10.6803,0.199,13.91899967,13.47999954,0.43900013,-26.09351774,5.41261E+11,28076745672,10.44834677,Spiral
111.7718,38.7704,0.2049,14.90799999,14.61600018,0.291999817,-25.17534131,2.32347E+11,28474557746,10.45445699,Spiral
114.4774,32.0984,0.1927,13.32499981,13.09399986,0.230999947,-26.60971521,8.70735E+11,1.52457E+11,11.18314737,Elliptical
132.8676,54.495,0.2979,14.6789999,14.375,0.303999901,-26.32590442,6.70443E+11,76595281954,10.88420202,Elliptical
179.4999,34.271,0.2543,14.22000027,13.92199993,0.298000336,-26.39189587,7.12456E+11,84301925912,10.9258375,Elliptical
158.7309,16.2575,0.2611,13.91399956,13.54800034,0.365999222,-26.76309005,1.00285E+12,79725636638,10.901598,Elliptical
7.5056,14.2905,0.2082,13.54699993,13.23799992,0.309000015,-26.57513695,8.43441E+11,93582521038,10.97119474,Elliptical
193.6346,25.4308,0.2353,14.30500031,14.01799965,0.287000656,-26.11584282,5.52506E+11,69719692508,10.84335546,Elliptical
239.9254,7.4182,0.3333,14.36800003,14.16100025,0.206999779,-26.91881021,1.15751E+12,2.33209E+11,11.36774531,Elliptical
357.0617,0.4834,0.4138,14.29500008,14.03499985,0.260000229,-27.54204867,2.05504E+12,3.03682E+11,11.48241905,Elliptical
132.5295,29.5478,0.1065,12.29899979,12.28600025,0.012999535,-26.23208369,6.14941E+11,3.85314E+11,11.58581479,Giant Elliptical / BCG
133.5422,62.1841,0.4056,13.88599968,13.70800018,0.177999496,-27.89975649,2.85695E+12,6.81999E+11,11.83378374,Giant Elliptical / BCG
9.663,13.2778,0.3882,13.98700047,13.75699997,0.230000496,-27.68666241,2.34782E+12,4.13489E+11,11.61646396,Giant Elliptical / BCG
209.7154,33.9097,0.2831,13.97299957,13.69099998,0.281999588,-26.90480358,1.14267E+12,1.48471E+11,11.17164163,Elliptical
39.9237,-1.4699,0.328,14.22200012,13.93700027,0.284999847,-27.02441141,1.27575E+12,1.62879E+11,11.21186509,Elliptical
207.9931,61.0721,0.3227,14.35099983,14.16499996,0.18599987,-26.85440772,1.09085E+12,2.48498E+11,11.3953229,Elliptical
177.714,55.6292,0.2286,13.28299999,12.96800041,0.31499958,-27.06706774,1.32687E+12,1.42144E+11,11.15272853,Elliptical
25.7279,31.4904,0.4134,14.50800037,14.35599995,0.152000427,-27.3265682,1.68511E+12,4.68324E+11,11.67054641,Giant Elliptical / BCG
136.6879,37.3137,0.2172,12.72399998,12.5710001,0.152999878,-27.50112608,1.97902E+12,5.46803E+11,11.73783089,Giant Elliptical / BCG
41.3032,-5.7397,0.3066,15.21399975,14.9829998,0.230999947,-25.86293434,4.37697E+11,76636184303,10.88443387,Elliptical
197.8631,34.9825,0.3001,14.55200005,14.2869997,0.265000343,-26.47129967,7.66514E+11,1.10007E+11,11.04142032,Elliptical
333.924,5.6882,0.2145,13.96399975,13.69499969,0.269000053,-26.23064977,6.14129E+11,86099329961,10.93499977,Elliptical
228.0825,12.3792,0.3374,14.03499985,13.77299976,0.262000084,-27.28265859,1.61832E+12,2.36365E+11,11.37358317,Elliptical
17.4139,6.8883,0.1436,13.13899994,12.92599964,0.213000298,-26.09273533,5.40872E+11,1.05214E+11,11.02207353,Elliptical
150.1178,2.6843,0.3467,14.03800011,13.78899956,0.249000549,-27.34837119,1.71929E+12,2.70949E+11,11.43288755,Elliptical
322.4903,3.1124,0.0888,12.13099957,12.09899998,0.031999588,-25.97979651,4.87437E+11,2.733E+11,11.43663963,Elliptical
141.1067,5.9573,0.3356,14.37199974,14.16699982,0.204999924,-26.93215831,1.17183E+12,2.38871E+11,11.37816343,Elliptical
353.9765,3.014,0.1941,13.43099976,13.16100025,0.269999504,-26.52120596,8.02569E+11,1.11862E+11,11.04868258,Elliptical
156.687,18.6809,0.301,14.59399986,14.33500004,0.258999825,-26.43678952,7.42533E+11,1.10371E+11,11.04285498,Elliptical
171.6799,33.6156,0.2079,14.00399971,13.69900036,0.304999352,-26.11463386,5.51891E+11,62683782153,10.79715519,Elliptical
250.7532,52.978,0.2919,14.48400021,14.18900013,0.295000076,-26.47009231,7.65662E+11,92201233471,10.96473673,Elliptical
237.8035,58.575,0.3485,14.31499958,14.125,0.18999958,-27.08447463,1.34831E+12,3.00048E+11,11.47719074,Elliptical
4.2764,8.8291,0.0867,12.27000046,12.2489996,0.021000862,-25.78574526,4.0766E+11,2.43756E+11,11.38695531,Elliptical
144.5659,48.7239,0.3837,14.46800041,14.24199963,0.226000786,-27.17591796,1.46679E+12,2.64439E+11,11.42232551,Elliptical
313.8609,1.0864,0.41,14.68500042,14.56200027,0.123000145,-27.12839658,1.40397E+12,4.62315E+11,11.66493798,Giant Elliptical / BCG
170.5226,0.7843,0.1019,12.85099983,12.76299953,0.088000298,-25.57761438,3.36547E+11,1.35996E+11,11.13352613,Elliptical
347.4855,5.4152,0.2716,14.55599976,14.18599987,0.369999886,-26.21875002,6.07435E+11,47173738657,10.6737003,Elliptical
235.5033,27.1302,0.3767,14.11100006,13.8760004,0.234999657,-27.48600296,1.95165E+12,3.33812E+11,11.52350194,Giant Elliptical / BCG
150.6698,13.3196,0.2514,14.38899994,14.08699989,0.302000046,-26.19460377,5.94075E+11,68669106010,10.83676139,Elliptical
246.9224,26.2036,0.2218,13.74699974,13.57600021,0.170999527,-26.52925308,8.08539E+11,2.01077E+11,11.3033624,Elliptical
42.5262,2.7046,0.1841,14.18799973,13.90200043,0.285999298,-25.63661818,3.55343E+11,45103376569,10.65420906,Elliptical
163.2949,-1.8041,0.3706,14.75800037,14.54899979,0.209000587,-26.79745876,1.0351E+12,2.06121E+11,11.31412224,Elliptical
235.939,24.5619,0.2214,15.20499992,14.65499973,0.550000191,-25.06684612,2.10251E+11,5698203590,9.755737962,Spiral
198.5904,-3.491,0.3929,14.68000031,14.55900002,0.12100029,-27.02439108,1.27572E+12,4.25026E+11,11.6284155,Giant Elliptical / BCG
208.4908,44.1284,0.3643,14.93799973,14.68500042,0.252999306,-26.57388618,8.4247E+11,1.29699E+11,11.11293663,Elliptical
12.7986,20.2404,0.3959,14.32199955,14.13099957,0.190999985,-27.40182876,1.80606E+12,3.99569E+11,11.60159179,Giant Elliptical / BCG
216.6553,40.7863,0.276,14.39099979,14.11200047,0.278999329,-26.42364483,7.33598E+11,97006232061,10.98679964,Elliptical
232.3699,18.9864,0.2115,13.34799957,13.13099957,0.217000008,-26.81236895,1.04942E+12,1.99419E+11,11.29976653,Elliptical
338.3301,3.397,0.1887,13.40299988,13.15400028,0.248999596,-26.48108562,7.73454E+11,1.21892E+11,11.0859752,Elliptical
15.3729,5.5185,0.3617,14.71399975,14.48999977,0.223999977,-26.77970075,1.01831E+12,1.85746E+11,11.26891947,Elliptical
24.8566,14.4356,0.3284,14.25199986,13.99600029,0.255999565,-26.99748152,1.24449E+12,1.88258E+11,11.27475344,Elliptical
149.8885,30.5472,0.3188,14.40999985,14.18400002,0.225999832,-26.76483729,1.00447E+12,1.8109E+11,11.25789447,Elliptical
201.5166,32.1988,0.2648,16.23200035,15.98499966,0.247000694,-24.47990858,1.22451E+11,19524578533,10.29058167,Spiral
194.4169,15.4632,0.4065,14.75199986,14.56599998,0.18599987,-27.0394326,1.29352E+12,2.94668E+11,11.46933298,Elliptical
135.3105,53.1165,0.3944,14.10000038,13.91499996,0.18500042,-27.61412653,2.19609E+12,5.0321E+11,11.70174926,Giant Elliptical / BCG
149.3922,19.6371,0.1709,13.32600021,13.1260004,0.199999809,-26.31998678,6.66799E+11,1.39957E+11,11.14599462,Elliptical
138.7716,58.0906,0.1754,13.43900013,13.20899963,0.230000496,-26.26927949,6.36373E+11,1.12075E+11,11.04950875,Elliptical
222.4944,40.0424,0.2998,14.14400005,13.88000011,0.263999939,-26.87679852,1.11357E+12,1.60753E+11,11.20615909,Elliptical
191.9905,40.3552,0.1886,15.24499989,14.97599983,0.269000053,-24.63780719,1.41619E+11,19854672986,10.29786274,Spiral
257.0636,21.1883,0.2162,13.42700005,13.10400009,0.322999954,-26.78687939,1.02507E+12,1.04793E+11,11.02033227,Elliptical
35.4592,44.7938,0.1704,13.64799976,13.42500019,0.222999573,-25.99097207,4.9248E+11,90358687154,10.95596991,Elliptical
141.8682,4.6696,0.2428,13.98700047,13.7329998,0.254000664,-26.5108988,7.94986E+11,1.21674E+11,11.08519779,Elliptical
210.0526,53.493,0.2889,13.95699978,13.6960001,0.26099968,-26.97132555,1.21487E+12,1.78481E+11,11.25159199,Elliptical
180.9271,1.0318,0.2568,14.08399963,13.79500008,0.288999557,-26.55204916,8.25695E+11,1.02982E+11,11.01276132,Elliptical
331.4876,16.5402,0.3527,14.33399963,14.0340004,0.299999237,-27.09580725,1.36246E+12,1.5934E+11,11.20232481,Elliptical
176.5803,11.178,0.1152,12.23900032,12.15400028,0.085000038,-26.4749481,7.69094E+11,3.16285E+11,11.5000786,Giant Elliptical / BCG
203.7286,24.5092,0.3396,13.97099972,13.65699959,0.31400013,-27.36306942,1.74272E+12,1.87788E+11,11.27366784,Elliptical
359.8883,4.9827,0.2411,15.05500031,14.71399975,0.341000557,-25.42562704,2.92584E+11,26922129002,10.4301094,Spiral
198.5168,6.8814,0.0924,12.42800045,12.2489996,0.179000854,-25.77435086,4.03404E+11,95736638253,10.98107817,Elliptical
327.8891,-4.4005,0.1488,13.30000019,13.0710001,0.229000092,-26.01600115,5.03965E+11,89277131571,10.95074023,Elliptical
118.4425,37.9573,0.38,14.80700016,14.51200008,0.295000076,-26.81221944,1.04927E+12,1.26354E+11,11.10158899,Elliptical
160.1725,55.6482,0.3086,14.76900005,14.46800041,0.300999641,-26.32422657,6.69408E+11,77830808161,10.89115154,Elliptical
220.5222,56.961,0.2884,14.47999954,13.9829998,0.496999741,-26.44400735,7.47486E+11,27619995134,10.4412236,Spiral
183.6116,31.6024,0.2027,13.80799961,13.54100037,0.266999245,-26.2491559,6.24687E+11,88610314549,10.94748428,Elliptical
159.7177,29.0556,0.2764,13.64999962,13.34799957,0.302000046,-27.16824274,1.45646E+12,1.68351E+11,11.2262157,Elliptical
232.6052,-1.5073,0.0865,12.82199955,12.76000023,0.061999321,-25.2284373,2.43992E+11,1.14788E+11,11.05989649,Elliptical
149.7919,16.5773,0.3749,14.01399994,13.78199959,0.232000351,-27.57080915,2.1102E+12,3.67318E+11,11.56504221,Giant Elliptical / BCG
3.075,35.4582,0.2674,13.97299957,13.69999981,0.272999763,-26.76311017,1.00287E+12,1.37349E+11,11.1378255,Elliptical
194.3771,36.5251,0.2192,15.16499996,14.54899979,0.616000175,-25.08247671,2.133E+11,3929617121,9.594350237,Spiral
12.0581,2.0609,0.3717,14.03299999,13.76799965,0.265000343,-27.52999705,2.03235E+12,2.91674E+11,11.46489772,Elliptical
214.2197,58.4323,0.3183,14.34599972,14.09200001,0.25399971,-26.82489328,1.06159E+12,1.62479E+11,11.21079724,Elliptical
157.5358,40.0861,0.1653,13.26599979,13.08500004,0.180999756,-26.30030394,6.54819E+11,1.53597E+11,11.18638273,Elliptical
20.9541,33.6561,0.2541,13.89799976,13.66499996,0.232999802,-26.71195473,9.56713E+11,1.65563E+11,11.21896329,Elliptical
234.5172,6.9754,0.1779,13.60900021,13.38500023,0.223999977,-26.13324833,5.61435E+11,1.02409E+11,11.01033813,Elliptical
121.6039,17.4177,0.105,14.79899979,14.52099991,0.277999878,-23.69913728,59656107147,7934786032,9.89953522,Spiral
133.2277,35.8249,0.4056,15.15999985,14.71199989,0.447999954,-26.62575632,8.83695E+11,43489322699,10.63838264,Elliptical
229.8821,52.9557,0.3334,14.48099995,14.19999981,0.281000137,-26.80656683,1.04382E+12,1.36423E+11,11.1348876,Elliptical
136.97,45.6007,0.1825,13.48499966,13.29399967,0.190999985,-26.31861076,6.65954E+11,1.47334E+11,11.16830298,Elliptical
17.2119,3.9431,0.3774,14.34200001,14.11400032,0.227999687,-27.25973058,1.5845E+12,2.8234E+11,11.45077241,Elliptical
132.2969,47.5843,0.185,13.36800003,13.13099957,0.237000465,-26.46836035,7.64441E+11,1.2923E+11,11.11136334,Elliptical
183.7013,24.6355,0.2882,14.2869997,14.01099968,0.276000023,-26.63527788,8.91479E+11,1.1997E+11,11.07907266,Elliptical
208.4426,-7.2796,0.3771,14.43500042,14.10000038,0.335000038,-27.16470506,1.45172E+12,1.38351E+11,11.1409823,Elliptical
151.3583,50.978,0.2252,15.03499985,14.61299992,0.421999931,-25.27841738,2.55486E+11,14638181435,10.16548713,Spiral
353.6545,5.7745,0.3774,14.71800041,14.48400021,0.234000206,-26.88373018,1.12071E+12,1.92811E+11,11.28513181,Elliptical
215.9796,17.5722,0.1026,13.00300026,12.92199993,0.081000328,-25.44148577,2.96889E+11,1.24984E+11,11.09685442,Elliptical
143.6046,31.6139,0.129,12.5369997,12.40600014,0.130999565,-26.44191626,7.46048E+11,2.34438E+11,11.37002801,Elliptical
11.9567,41.6974,0.1211,13.19999981,13.05000019,0.149999619,-25.63069641,3.5341E+11,99375547422,10.99727953,Elliptical
231.616,13.9414,0.3304,14.70800018,14.47599983,0.232000351,-26.55677898,8.293E+11,1.44355E+11,11.15943183,Elliptical
28.1169,31.3454,0.3794,14.61600018,14.42700005,0.18900013,-26.99919332,1.24646E+12,2.79008E+11,11.44561666,Elliptical
358.0732,10.4644,0.3643,15.06400013,14.89099979,0.173000336,-26.44788578,7.50161E+11,1.84388E+11,11.26573265,Elliptical
222.492,14.0916,0.3126,14.21500015,14.02600002,0.18900013,-26.91052221,1.14871E+12,2.57128E+11,11.41014937,Elliptical
219.7591,29.0417,0.3993,15.11100006,15.00199986,0.109000206,-26.63469296,8.90999E+11,3.18432E+11,11.5030167,Giant Elliptical / BCG
5.9938,5.3124,0.2517,13.75699997,13.44799995,0.309000015,-26.82954444,1.06615E+12,1.18293E+11,11.07295905,Elliptical
245.1297,29.891,0.096,12.44499969,12.35599995,0.088999748,-25.84558111,4.30757E+11,1.73051E+11,11.23817411,Elliptical
174.0577,11.5644,0.1716,13.89000034,13.65799999,0.232000351,-25.76577592,4.00231E+11,69667379850,10.84302948,Elliptical
246.4048,45.7333,0.3994,15.23799992,14.95899963,0.279000282,-26.50833358,7.9311E+11,1.04875E+11,11.02067197,Elliptical
225.0938,52.308,0.2807,13.75500011,13.5010004,0.25399971,-27.10161833,1.36977E+12,2.09647E+11,11.32148865,Elliptical
3.5253,23.7651,0.2422,14.35299969,14.15999985,0.19299984,-26.13881636,5.64321E+11,1.23398E+11,11.09130812,Elliptical
201.4926,10.4421,0.1482,13.20899963,13.02200031,0.186999321,-26.09742025,5.4321E+11,1.23024E+11,11.08998984,Elliptical
130.7331,29.4575,0.1952,13.46399975,13.24400043,0.219999313,-26.50186696,7.884E+11,1.47214E+11,11.16794911,Elliptical
201.1481,5.5716,0.2276,14.09799957,13.77400017,0.323999405,-26.24134106,6.20207E+11,63034445562,10.79957794,Elliptical
190.4685,16.5562,0.242,14.12699986,13.87899971,0.248000145,-26.36278537,6.93608E+11,1.0995E+11,11.04119523,Elliptical
196.2134,47.7715,0.1429,12.94900036,12.75800037,0.190999985,-26.27117447,6.37485E+11,1.41036E+11,11.14932998,Elliptical
209.9581,30.1322,0.2294,14.38500023,14.07699966,0.308000565,-25.97361808,4.84671E+11,54091098030,10.7331258,Elliptical
124.8538,33.2249,0.3296,16.45499992,16.16399956,0.291000366,-24.80367038,1.64994E+11,20338888737,10.30832722,Spiral
39.311,-3.736,0.3636,14.58300018,14.39000034,0.19299984,-26.92400145,1.16306E+12,2.5432E+11,11.40538051,Elliptical
213.719,0.1962,0.1253,13.20100021,13.08199978,0.119000435,-25.70958968,3.80046E+11,1.28108E+11,11.10757625,Elliptical
209.6511,26.737,0.1397,13.03600025,12.87800026,0.157999992,-26.13064354,5.60089E+11,1.50293E+11,11.17693875,Elliptical
346.72,3.3708,0.286,13.48400021,13.20800018,0.276000023,-27.41918183,1.83515E+12,2.46963E+11,11.39263189,Elliptical
151.4294,5.816,0.1231,13.00699997,12.88399982,0.123000145,-25.86206015,4.37345E+11,1.44014E+11,11.15840471,Elliptical
207.9833,12.5683,0.1437,13.54599953,13.33899975,0.206999779,-25.68738293,3.72352E+11,75019425840,10.87517374,Elliptical
235.1983,0.9112,0.1643,13.70499992,13.51000023,0.194999695,-25.84681115,4.31245E+11,93202000832,10.96942524,Elliptical
147.2567,2.4274,0.2601,14.46000004,14.05000019,0.409999847,-26.207601,6.0123E+11,36952241627,10.56764079,Elliptical
117.3153,38.0373,0.2621,14.17700005,13.89299965,0.284000397,-26.50954474,7.93995E+11,1.01966E+11,11.00845538,Elliptical
132.9237,16.6151,0.1834,13.12199974,12.89999962,0.222000122,-26.69344829,9.40544E+11,1.7358E+11,11.23949968,Elliptical
209.8129,27.9763,0.0746,11.89900017,11.90299988,-0.00399971,-25.81240947,4.17796E+11,2.8915E+11,11.4611232,Elliptical
151.9182,1.0981,0.1857,13.81799984,13.55799961,0.260000229,-26.02745703,5.09311E+11,75263122557,10.87658223,Elliptical
5.5914,23.7337,0.0987,12.52299976,12.41300011,0.109999657,-25.8317179,4.25292E+11,1.51108E+11,11.17928746,Elliptical
130.3421,61.2125,0.1326,12.74800014,12.60200024,0.145999908,-26.29565344,6.52021E+11,1.87682E+11,11.27342262,Elliptical
167.0519,26.1761,0.1753,13.63500023,13.45899963,0.176000595,-26.07191131,5.30597E+11,1.28151E+11,11.107722,Elliptical
228.6818,54.8163,0.158,13.20100021,12.97599983,0.225000381,-26.25757428,6.29549E+11,1.14164E+11,11.05752918,Elliptical
219.8804,23.8125,0.1584,13.66899967,13.42800045,0.240999222,-25.7955966,4.11376E+11,67936100878,10.83210062,Elliptical
